"42crunch-security-audit","42"
"AdaptivePlugin","81"
"AnchorChain","634"
"AntepediaReporter-CI-plugin","6"
"ApicaLoadtest","16"
"BlameSubversion","818"
"BlazeMeterJenkinsPlugin","483"
"CFLint","24"
"ColumnPack-plugin","14"
"ColumnsPlugin","68"
"CustomHistory","217"
"DotCi","289"
"DotCi-DockerPublish","173"
"DotCi-Fig-template","20"
"DotCi-InstallPackages","29"
"DotCi-Plugins-Starter-Pack","4"
"DotCiInstallPackages","3"
"Exclusion","1335"
"GatekeeperPlugin","15"
"HiddenParameter","11"
"JDK_Parameter_Plugin","4892"
"JiraTestResultReporter","2237"
"Matrix-sorter-plugin","395"
"NegotiateSSO","334"
"Office-365-Connector","15265"
"Parameterized-Remote-Trigger","14327"
"PerfPublisher","1"
"PrioritySorter","4635"
"SBuild","16"
"SCTMExecutor","66"
"SSSCM","111"
"StashBranchParameter","812"
"Surround-SCM-plugin","122"
"TestComplete","1175"
"TestExecuter","1"
"TestFairy","184"
"TestResultsAnalyzer","6"
"TwilioNotifier","69"
"URLSCM","675"
"abap-ci","21"
"absint-a3","25"
"absint-astree","27"
"accelerated-build-now-plugin","614"
"accelq-ci-connect","4"
"accurev","249"
"ace-editor","274220"
"active-directory","34022"
"acunetix","158"
"acunetix-360-scan","45"
"adaptive-disconnector","39"
"additional-identities-plugin","262"
"additional-metrics","473"
"adobe-cloud-manager","42"
"adoptopenjdk","1589"
"advanced-installer-msi-builder","252"
"agent-loadbalance","76"
"agent-server-parameter","120"
"aio-tests","13"
"alauda-devops-credentials-provider","44"
"alauda-devops-pipeline","54"
"alauda-devops-sync","14"
"alauda-kubernetes-support","96"
"alauda-pipeline","51"
"alibabacloud-credentials","38"
"alibabacloud-ecs","19"
"alibabacloud-edas","8"
"aliyun-oss-uploader","479"
"all-changes","2302"
"allure-jenkins-plugin","14389"
"amazon-ecr","7495"
"amazon-ecs","4724"
"amqp-build-trigger","8"
"analysis-collector","8433"
"analysis-core","28452"
"analysis-model-api","23280"
"anchore-container-scanner","1344"
"android-apk-size-watcher","151"
"android-emulator","3567"
"android-lint","2275"
"android-signing","1584"
"anka-build","58"
"ansible","20918"
"ansible-tower","2516"
"ansicolor","43356"
"ant","257337"
"ant-in-workspace","1083"
"antexec","1093"
"antisamy-markup-formatter","275181"
"any-buildstep","2813"
"anything-goes-formatter","1171"
"apache-httpcomponents-client-4-api","280908"
"apifortress","22"
"app-detector","59"
"appaloosa-plugin","134"
"appcenter","973"
"appdynamics-dashboard","503"
"appetize","115"
"appio","92"
"applatix","7"
"application-director-plugin","17"
"applitools-eyes","119"
"appray","1"
"apprenda","3"
"appscan","273"
"appthwack","11"
"aqua-microscanner","254"
"aqua-security-scanner","569"
"aqua-serverless","75"
"arachni-scanner","63"
"archived-artifact-url-viewer","505"
"arestocats","6"
"argus-notifier","31"
"artifact-diff-plugin","361"
"artifact-manager-s3","1704"
"artifact-promotion","2188"
"artifact-repository-parameter","85"
"artifactdeployer","7953"
"artifactory","22723"
"asakusa-satellite-plugin","9"
"ascentialtest-cmd-line","9"
"assembla","54"
"assembla-auth","97"
"assembla-merge-request-builder","132"
"assertthat-bdd-jira","123"
"associated-files","117"
"async-http-client","6693"
"async-job","86"
"atlassian-bitbucket-server-integration","4760"
"atlassian-jira-software-cloud","1770"
"attention","50"
"audit-log","301"
"audit-trail","8549"
"audit2db","470"
"authentication-tokens","188441"
"authorize-project","28320"
"autoaction-step","98"
"autocancel","55"
"autocomplete-parameter","281"
"autograding","29"
"avatar","498"
"aws-batch","151"
"aws-beanstalk-publisher-plugin","770"
"aws-beanstalk-releaser","71"
"aws-bucket-credentials","1961"
"aws-cloudwatch-logs-publisher","292"
"aws-codebuild","1585"
"aws-codecommit-jobs","570"
"aws-codecommit-trigger","441"
"aws-codepipeline","1781"
"aws-credentials","28876"
"aws-device-farm","537"
"aws-global-configuration","2994"
"aws-java-sdk","34527"
"aws-lambda","2398"
"aws-lambda-cloud","212"
"aws-parameter-store","1055"
"aws-sam","366"
"aws-secrets-manager-credentials-provider","1784"
"aws-sqs","466"
"aws-yum-paramater","1"
"aws-yum-parameter","152"
"awseb-deployment-plugin","1788"
"azure-acs","932"
"azure-ad","2299"
"azure-app-service","1152"
"azure-artifact-manager","407"
"azure-batch-parallel","129"
"azure-cli","1302"
"azure-commons","10236"
"azure-container-agents","696"
"azure-container-registry-tasks","606"
"azure-credentials","5266"
"azure-credentials-ext","259"
"azure-dev-spaces","86"
"azure-event-grid-notifier","54"
"azure-function","461"
"azure-iot-edge","78"
"azure-keyvault","948"
"azure-publishersettings-credentials","247"
"azure-sdk","1954"
"azure-slave-plugin","36"
"azure-vm-agents","1624"
"azure-vmss","293"
"backlog","442"
"backup","7963"
"backup-interrupt-plugin","685"
"badge","19465"
"bart","3"
"basic-branch-build-strategies","8449"
"batch-task","1970"
"bazaar","93"
"bds-plugin","110"
"beagle-security","2"
"beaker-builder","15"
"bearychat","125"
"beer","174"
"bees-sdk-plugin","2"
"behave-testresults-publisher","202"
"benchmark","126"
"benchmark-evaluator","72"
"bigpanda-jenkins","11"
"binary-deployer","13"
"bitbucket","25184"
"bitbucket-approval-filter","541"
"bitbucket-approve","1633"
"bitbucket-build-status-notifier","5455"
"bitbucket-filter-project-trait","684"
"bitbucket-kubernetes-credentials","164"
"bitbucket-oauth","3582"
"bitbucket-pullrequest-builder","4406"
"bitbucket-pullrequests-filter","196"
"bitbucket-push-and-pull-request","3827"
"bitbucket-scm-filter-aged-refs","565"
"bitbucket-scm-filter-jira-validator","657"
"bitbucket-scm-trait-commit-skip","984"
"bitkeeper","20"
"blackduck-detect","1976"
"blackduck-hub","312"
"blackduck-installer","26"
"blink1","39"
"blitz_io-jenkins","2"
"block-build-final-project","257"
"block-queued-job","862"
"block-same-builds","221"
"blueocean","65595"
"blueocean-analytics-tools","48"
"blueocean-autofavorite","69118"
"blueocean-bitbucket-pipeline","68319"
"blueocean-commons","78567"
"blueocean-config","69265"
"blueocean-core-js","74843"
"blueocean-dashboard","70939"
"blueocean-display-url","69434"
"blueocean-events","68376"
"blueocean-executor-info","8716"
"blueocean-git-pipeline","70825"
"blueocean-github-pipeline","70101"
"blueocean-i18n","69680"
"blueocean-jira","52083"
"blueocean-jwt","75335"
"blueocean-personalization","69371"
"blueocean-pipeline-api-impl","73394"
"blueocean-pipeline-editor","68634"
"blueocean-pipeline-scm-api","74831"
"blueocean-rest","78281"
"blueocean-rest-impl","74225"
"blueocean-web","75387"
"bmc-rpd","77"
"boot-clj","11"
"bootstrap","406"
"bootstrap4-api","178159"
"bootstrap5-api","44082"
"bootstraped-multi-test-results-report","1117"
"bouncycastle-api","286310"
"brakeman","280"
"branch-api","270465"
"breachlock-dast","3"
"browser-axis-plugin","80"
"browserstack-integration","1311"
"btc-embeddedplatform","129"
"buckminster","106"
"buddycloud","3"
"bugzilla","257"
"build-alias-setter","425"
"build-blocker-plugin","15096"
"build-cause-run-condition","1382"
"build-configurator","26"
"build-discarder","263"
"build-env-propagator","774"
"build-environment","6199"
"build-failure-analyzer","6395"
"build-flow-extensions-plugin","248"
"build-flow-plugin","5786"
"build-flow-test-aggregator","2935"
"build-flow-toolbox-plugin","177"
"build-health-cache-updater","21"
"build-history-manager","508"
"build-history-metrics-plugin","1737"
"build-keeper-plugin","1936"
"build-line","132"
"build-metrics","3365"
"build-monitor-plugin","18170"
"build-name-setter","31916"
"build-node-column","115"
"build-notifications","2767"
"build-pipeline-plugin","35129"
"build-publisher","1997"
"build-requester","8"
"build-steps-from-json","464"
"build-symlink","713"
"build-time-blame","1201"
"build-timeout","229558"
"build-timestamp","13413"
"build-token-root","10849"
"build-token-trigger","2561"
"build-user-vars-plugin","29862"
"build-view-column","848"
"build-with-parameters","14248"
"buildcoin-plugin","10"
"buildcontext-capture","157"
"buildgraph-view","3025"
"buildheroes","2"
"buildresult-trigger","2613"
"buildrotator","312"
"buildtriggerbadge","4133"
"built-on-column","27993"
"bulk-builder","1370"
"bumblebee","118"
"byteguard-build-actions","2"
"ca-apm","38"
"ca-mat-performance-benchmarking-by-broadcom","7"
"ca-service-virtualization","70"
"cachet-gating","8"
"caffeine-api","86709"
"calendar-view","1520"
"caliper-ci","21"
"call-remote-job-plugin","877"
"campfire","10"
"capitomcat","762"
"carbonetes-serverless-container-scanning-and-policy-compliance","11"
"carl","1"
"cas-plugin","841"
"cas1","23"
"castecho","1"
"catalogic-ecx","21"
"categorized-view","4909"
"cavisson-ns-nd-integration","25"
"cccc","438"
"ccm","1536"
"cctray-xml","693"
"cerberus-testing","17"
"change-assembly-version-plugin","1870"
"changelog-history","1378"
"changes-since-last-success","1810"
"chaos-butler","18"
"chaos-monkey","5"
"chatter-notifier","109"
"chatwork","493"
"checkmarx","3948"
"checks-api","166120"
"checkstyle","13490"
"chef","462"
"chef-cookbook-pipeline","142"
"chef-identity","424"
"chef-tracking","128"
"chosen","191"
"chosen-views-tabbar","200"
"chrome-frame-plugin","151"
"chromedriver","2438"
"chroot","205"
"chucknorris","4011"
"ci-game","859"
"ci-skip","446"
"ci-with-toad-devops-toolkit","75"
"ci-with-toad-edge","17"
"cifs","14"
"cisco-spark","134"
"cisco-spark-notifier","374"
"claim","5012"
"clamav","157"
"clang-scanbuild","648"
"clang-scanbuild-plugin","289"
"clearcase","2000"
"clearcase-release","78"
"clearcase-ucm-api","134"
"clearcase-ucm-baseline","101"
"clearcase-ucm-plugin","248"
"cli-commander","329"
"clif-performance-testing","45"
"clone-workspace-scm","2741"
"cloud-stats","6024"
"cloudbees-bitbucket-branch-source","76579"
"cloudbees-credentials","3329"
"cloudbees-deployer-plugin","9"
"cloudbees-devoptics-enabler","189"
"cloudbees-disk-usage-simple","6833"
"cloudbees-disk-usage-simple-plugin","33"
"cloudbees-enabler","77"
"cloudbees-enterprise-plugins","24"
"cloudbees-folder","276396"
"cloudbees-jenkins-advisor","331"
"cloudbees-plugin-gateway","133"
"cloudbees-registration","2"
"cloudcoreo-deploytime","18"
"cloudfoundry","1195"
"cloudguard-shiftleft","1"
"cloudhub-deployer","13"
"cloudify","22"
"cloudshare-docker","228"
"cloudshell-sandbox","61"
"cloudtest","213"
"clover","3404"
"cloverphp","2696"
"cluster-stats","154"
"cmakebuilder","2581"
"cmvc","17"
"cobertura","25359"
"cocoapods-integration","673"
"code-coverage-api","24281"
"codebeamer-coverage-publisher","58"
"codebeamer-result-trend-updater","60"
"codebeamer-xunit-importer","104"
"codebeamer-xunit-uploader","67"
"codebuilder-cloud","297"
"codeclimate-plugin","15"
"codecommit-url-helper","467"
"codecover","311"
"codedeploy","2930"
"codedx","108"
"codefresh","146"
"codescan","38"
"codescanner","139"
"codescene","49"
"codesonar","2081"
"coding-webhook","390"
"collabnet","229"
"collabnet-automic-deploy","36"
"collabnet-uc4-deploy","18"
"collapsing-console-sections","841"
"command-launcher","282437"
"comments-remover","24"
"commit-message-trigger-plugin","626"
"compact-columns","2493"
"compatibility-action-storage","315"
"composer-security-checker","141"
"compound-slaves","373"
"compress-artifacts","1926"
"compress-buildlog","1115"
"computer-queue-plugin","92"
"compuware-common-configuration","110"
"compuware-ispw-operations","49"
"compuware-scm-downloader","65"
"compuware-strobe-measurement","18"
"compuware-topaz-for-total-test","55"
"compuware-topaz-utilities","61"
"compuware-xpediter-code-coverage","50"
"compuware-zadviser-api","14"
"concordionpresenter","77"
"concurrent-login-plugin","45"
"concurrent-step","208"
"conditional-buildstep","92995"
"config-autorefresh-plugin","1122"
"config-driven-pipeline","252"
"config-file-provider","107142"
"config-rotator","50"
"configuration-as-code","23406"
"configuration-as-code-groovy","2802"
"configuration-as-code-secret-ssm","1112"
"configuration-as-code-support","1719"
"configurationslicing","12630"
"configure-job-column-plugin","965"
"confluence-publisher","3217"
"conjur-credentials","198"
"conjur-simple-integration","101"
"cons3rt","9"
"console-badge","676"
"console-column-plugin","2566"
"console-navigation","72"
"console-tail","720"
"consul","235"
"consul-kv-builder","275"
"container-slaves","1"
"content-replace","1296"
"continuum","53"
"contrast-continuous-application-security","234"
"conventional-commits","5"
"convert-to-declarative","1"
"convert-to-declarative-api","1"
"convert-to-pipeline","4980"
"convertigo-mobile-platform","3"
"coordinator","239"
"copado","68"
"copr","26"
"copy-data-to-workspace-plugin","1958"
"copy-project-link","1884"
"copy-to-slave","6989"
"copyarchiver","69"
"copyartifact","52134"
"cors-filter","2386"
"cortex-metrics","32"
"couchdb-statistics","15"
"countjobs-viewstabbar","441"
"covcomplplot","1075"
"coverity","1247"
"cppcheck","4442"
"cppncss","509"
"cpptest","353"
"cppunit","41"
"crap4j","873"
"create-fingerprint","3647"
"create-fingerprint-plugin","17"
"createjobadvanced","757"
"credentials","293067"
"credentials-binding","270070"
"crittercism-dsym","70"
"cron-shelve","96"
"cron_column","2581"
"crossbrowsertesting","284"
"crowd","135"
"crowd2","2145"
"crx-content-package-deployer","275"
"csp","1"
"cucumber","2261"
"cucumber-living-documentation","818"
"cucumber-perf","1427"
"cucumber-reports","10739"
"cucumber-slack-notifier","1328"
"cucumber-testresult-plugin","3091"
"cucumber-trends-report","1516"
"curseforge-publisher","7"
"custom-build-properties","289"
"custom-checkbox-parameter","395"
"custom-folder-icon","141"
"custom-job-icon","1146"
"custom-tools-plugin","4365"
"custom-view-tabs","955"
"customize-build-now","541"
"customized-build-message","515"
"cvs","37137"
"cvs-tag","143"
"cygpath","675"
"cygwin-process-killer","123"
"dagshub-branch-source","11"
"daily-quote","46"
"darcs","5"
"dark-theme","2587"
"dashboard-view","38878"
"data-tables-api","20738"
"database","3637"
"database-drizzle","135"
"database-h2","144"
"database-mysql","2004"
"database-postgresql","959"
"database-sqlite","307"
"datadog","2452"
"datadog-build-reporter","2"
"datatheorem-mobile-app-security","37"
"date-parameter","4693"
"datetime-constraint","144"
"datical-db-plugin","16"
"dbCharts","120"
"dbforge-devops-automation-for-sqlserver","64"
"deadmanssnitch","11"
"debian-package-builder","230"
"debian-pbuilder","52"
"declarative-pipeline-migration-assistant","834"
"declarative-pipeline-migration-assistant-api","1164"
"deepsecurity-smartcheck","28"
"defensics","21"
"delete-log-plugin","450"
"delivery-pipeline-plugin","9731"
"delphix","35"
"delta-cloud","13"
"depbuilder","18"
"dependency-check-jenkins-plugin","6573"
"dependency-queue-plugin","298"
"dependency-track","3128"
"dependencyanalyzer","2214"
"depgraph-view","4510"
"deploy","19147"
"deploy-dashboard","166"
"deploydb","107"
"deployed-on-column","397"
"deployer-framework","255"
"deploygate-plugin","77"
"deployhub","58"
"deployit-plugin","585"
"deployment-notification","633"
"deployment-sphere","119"
"describe-with-params","84"
"description-column","2"
"description-column-plugin","885"
"description-setter","14779"
"deveo","16"
"device-watcher","116"
"devstack","10"
"diagnostics","81"
"diawi-upload","72"
"digitalocean-plugin","296"
"dimensionsscm","116"
"dingding-json-pusher","1590"
"dingding-notifications","5949"
"disable-failed-job","3285"
"disable-github-multibranch-status","932"
"discard-old-build","8115"
"discobit-autoconfig","8"
"discord-notifier","1037"
"disk-usage","13402"
"diskcheck","708"
"display-console-output","903"
"display-upstream-changes","589"
"display-url-api","288312"
"distTest","118"
"distfork","579"
"dlisting-cov","1"
"docker-build-publish","10126"
"docker-build-step","14335"
"docker-commons","173408"
"docker-compose-build-step","4969"
"docker-custom-build-environment","3386"
"docker-java-api","36316"
"docker-plugin","33813"
"docker-slaves","5529"
"docker-swarm","1644"
"docker-traceability","1118"
"docker-workflow","163396"
"dockerhub","18"
"dockerhub-notification","1832"
"doclinks","1419"
"doktor","159"
"dos-trigger","423"
"dotcommonitor-loadview","29"
"dotcoverrunner","37"
"dotnet-as-script","516"
"dotnet-sdk","786"
"downstream-build-cache","1072"
"downstream-buildview","3579"
"downstream-ext","2069"
"doxygen","2262"
"drecycler","57"
"drmemory-plugin","159"
"drools","1"
"dropdown-viewstabbar-plugin","1016"
"drupal-developer","51"
"dry","3778"
"dry-run","490"
"dtkit","217"
"dtkit-api","14019"
"dumpinfo-buildwrapper-plugin","155"
"dumpling","267"
"durable-task","274502"
"dynamic-axis","1348"
"dynamic-search-view","624"
"dynamic_extended_choice_parameter","5481"
"dynamicparameter","3015"
"dynatrace-dashboard","228"
"eagle-tester","11"
"ease-plugin","34"
"ec2","10858"
"ec2-cloud-axis","211"
"ec2-deployment-dashboard","1008"
"ec2-fleet","1341"
"echarts-api","185199"
"eclipse-update-site","72"
"ecs-publisher","200"
"ecutest","107"
"eggplant-plugin","77"
"eiffel-broadcaster","4"
"elOyente","20"
"elastest","10"
"elastic-axis","1083"
"elasticbox","44"
"elasticsearch-query","188"
"electricflow","149"
"email-ext","242970"
"email-ext-recipients-column","4318"
"emailext-template","23655"
"embeddable-build-status","18037"
"embotics-vcommander","8"
"emma","3008"
"emmacoveragecolumn","183"
"emotional-hudson","143"
"emotional-jenkins-plugin","1261"
"enhanced-old-build-discarder","910"
"envfile","3027"
"envinject","66508"
"envinject-api","62859"
"environment-dashboard","1549"
"environment-filter-utils","41"
"environment-labels-setter","295"
"environment-manager","61"
"environment-script","3751"
"environment-variable-page-decoration","103"
"escaped-markup-plugin","176"
"essentials","2"
"event-announcer","5"
"exam","9"
"excludeMatrixParent","193"
"exclusive-execution","1195"
"exclusive-label-plugin","93"
"experitest-cloud","21"
"export-params","1108"
"extended-choice-parameter","35256"
"extended-read-permission","26596"
"extended-security-settings","254"
"extensible-choice-parameter","21167"
"extension-filter","54"
"extensivetesting","28"
"external-monitor-job","136257"
"external-scheduler","53"
"external-workspace-manager","1596"
"externalresource-dispatcher","62"
"extra-columns","7735"
"extra-tool-installers","451"
"extreme-feedback","77"
"extreme-notification","754"
"ez-templates","2397"
"ezwall","224"
"fabric-beta-publisher","332"
"fail-the-build-plugin","2015"
"failedJobDeactivator","27"
"fast-track","32"
"favorite","79094"
"favorite-view","553"
"feature-branch-notifier","248"
"fedora-module-build-system","4"
"figlet-buildstep","73"
"file-leak-detector","683"
"file-operations","8968"
"file-parameters","419"
"files-found-trigger","1318"
"filesystem-list-parameter-plugin","2883"
"filesystem_scm","1796"
"findbugs","10145"
"fireline","337"
"first-plugin","3"
"fitnesse","831"
"flaky-test-handler","829"
"flashlog-plugin","68"
"flexdeploy","23"
"flexible-publish","10942"
"flexteam","6"
"flock","47"
"flow","480"
"fluentd","211"
"flyway-runner","856"
"fogbugz","39"
"folder-auth","1694"
"folder-properties","2560"
"font-awesome-api","178366"
"foreman-node-sharing","11"
"forensics-api","22272"
"form-element-path","196"
"forticwp-cicd","17"
"fortify","1226"
"fortify-cloudscan-jenkins-plugin","204"
"fortify-on-demand-uploader","572"
"fortify360","159"
"frugal-testing","2"
"fstrigger","2985"
"ftp-rename","166"
"ftppublisher","2468"
"fxcop-runner","1814"
"gallio","99"
"gating-core","6"
"gatling","3528"
"gatling-check","437"
"gcal","301"
"gcloud-sdk","628"
"gcm-notification","159"
"gcp-secrets-manager-credentials-provider","128"
"gcr-scanner","12"
"gearman-plugin","517"
"gem-publisher","76"
"generic-environment-filters","26"
"generic-webhook-trigger","21786"
"genexus","157"
"gerrit","285"
"gerrit-code-review","1323"
"gerrit-trigger","7917"
"gerrit-verify-status-reporter","872"
"ghost-inspector","69"
"ghprb","13972"
"girls","25"
"git","280342"
"git-automerger","374"
"git-bisect","275"
"git-changelog","8783"
"git-chooser-alternative","783"
"git-client","283922"
"git-forensics","872"
"git-notes","623"
"git-parameter","55835"
"git-prebuildmerge-trait","591"
"git-server","268811"
"git-tag-message","2906"
"git-userContent","549"
"gitblit","262"
"gitbucket","2121"
"gitcolony-plugin","195"
"gitea","2497"
"gitee","3348"
"gitflow","544"
"github","246283"
"github-api","249548"
"github-app-kubernetes-credentials","114"
"github-autostatus","2191"
"github-branch-pr-change-filter","237"
"github-branch-source","239337"
"github-checks","942"
"github-coverage-reporter","479"
"github-issues","1899"
"github-label-filter","173"
"github-oauth","14643"
"github-organization-folder","19087"
"github-pr-comment-build","1424"
"github-pr-coverage-status","2969"
"github-pullrequest","15700"
"github-scm-filter-aged-refs","340"
"github-scm-filter-jira-validator","442"
"github-scm-trait-commit-skip","1100"
"github-scm-trait-notification-context","929"
"github-sqs-plugin","539"
"gitlab-api","12616"
"gitlab-branch-source","6290"
"gitlab-hook","15775"
"gitlab-logo","5821"
"gitlab-merge-request-jenkins","7846"
"gitlab-oauth","15350"
"gitlab-plugin","54753"
"gitorious","26"
"global-build-stats","11129"
"global-post-script","1900"
"global-pre-script","262"
"global-slack-notifier","5915"
"global-variable-string-parameter","4206"
"gnat","152"
"gogs-webhook","1862"
"golang","6649"
"google-admin-sdk","127"
"google-analytics-usage-reporter","81"
"google-api-client-plugin","176"
"google-chat-notification","1167"
"google-cloud-backup","397"
"google-cloud-health-check","97"
"google-cloudbuild","387"
"google-compute-engine","962"
"google-container-registry-auth","1508"
"google-deployment-manager","276"
"google-git-notes-publisher","134"
"google-kubernetes-engine","878"
"google-login","5409"
"google-metadata-plugin","2428"
"google-oauth-plugin","13565"
"google-play-android-publisher","2284"
"google-source-plugin","957"
"google-storage-plugin","1721"
"googleanalytics","145"
"googlecode","12"
"gprbuild","3"
"gradle","220949"
"gradle-daemon","212"
"gradle-repo","1359"
"grails","573"
"graphiteIntegrator","316"
"graphql-server","10"
"gravatar","2171"
"greenballs","32486"
"groovy","28245"
"groovy-events-listener-plugin","541"
"groovy-events-listener-plugin-master","2"
"groovy-label-assignment","2379"
"groovy-postbuild","19502"
"groovy-remote","1474"
"groovyaxis","166"
"growl","109"
"h2-api","23646"
"habitat","4"
"hadoop","33"
"hall-jenkins","12"
"handlebars","263648"
"handy-uri-templates-2-api","82632"
"harvest","52"
"hashicorp-vault-pipeline","1546"
"hashicorp-vault-plugin","5703"
"hckrnews","2"
"headspin","6"
"heavy-job","1123"
"helix-teamhub","31"
"hello-world","6"
"heroku-jenkins-plugin","15"
"hidden-parameter","5621"
"hipchat","2437"
"hipchat-plugin","13"
"hockeyapp","728"
"housekeeper","48"
"hp-application-automation-tools-plugin","2114"
"hp-operations-orchestration-automation-execution-plugin","61"
"hp-quality-center","316"
"hpe-network-virtualization","31"
"hsts-filter-plugin","356"
"html-audio-notifier","270"
"html5-notifier-plugin","1354"
"htmlpublisher","106443"
"htmlresource","726"
"http-post","1845"
"http_request","23225"
"huaweicloud-credentials","27"
"huaweicloud-ecs","1"
"hubot-steps","500"
"hudson-logaction-plugin","25"
"hudson-pview-plugin","1120"
"hudson-startup-trigger","6"
"hudson-wsclean-plugin","3731"
"hue-light","100"
"hugo","38"
"humbug","41"
"humio","5"
"hyper-build-step","82"
"hyper-commons","197"
"hyper-slaves","68"
"ibm-application-security","99"
"ibm-cloud-devops","65"
"ibm-continuous-release","18"
"ibm-security-appscansource-scanner","111"
"ibm-security-appscanstandard-scanner","183"
"icedq","2"
"icescrum","17"
"icn-plugin-loader","31"
"icon-shim","52099"
"icon-shim-plugin","8"
"icq-notification","9"
"idobata-notifier","2"
"ifttt-build-notifier","65"
"ignore-committer-strategy","662"
"ikachan","6"
"image-gallery","1006"
"image-tag-parameter","1071"
"imagecomparison","35"
"implied-labels","98"
"in-toto","4"
"incapptic-connect-uploader","3"
"inedo-buildmaster","17"
"inedo-proget","88"
"inflectra-spira-integration","36"
"influxdb","2433"
"influxdb-query","181"
"inline-pipeline","947"
"inodes-monitor","82"
"insightappsec","204"
"installshield","276"
"instana","58"
"instant-messaging","3000"
"integrity-plugin","246"
"internetmeme","245"
"ios-device-connector","269"
"ipmessenger-plugin","67"
"ircbot","475"
"ironmq-notifier","3"
"issue-link","74"
"itest","20"
"itms-for-jira","23"
"itms-junit-report-publisher","107"
"ivy","27448"
"ivy-report","228"
"ivytrigger","691"
"jabber","818"
"jabber-server-plugin","34"
"jackson-databind","218"
"jackson2-api","276407"
"jacoco","22927"
"japex","32"
"javadoc","186302"
"javancss","602"
"javanet","15"
"javanet-uploader","25"
"javatest-report","417"
"jaxb","58483"
"jbehave-hudson-plugin","9"
"jboss","459"
"jbpm-embedded-plugin","24"
"jbpm-workflow-plugin","77"
"jcaptcha-plugin","77"
"jclouds-jenkins","734"
"jdcloud-codedeploy","6"
"jdepend","2223"
"jdk-tool","280269"
"jenkins-cloudformation-plugin","803"
"jenkins-design-language","76951"
"jenkins-flowdock-plugin","694"
"jenkins-infra-test","4"
"jenkins-jira-issue-updater","3756"
"jenkins-leiningen","13"
"jenkins-multijob-plugin","27147"
"jenkins-reviewbot","404"
"jenkins-tag-cloud-plugin","31"
"jenkins-testswarm-plugin","39"
"jenkins-tracker","14"
"jenkinsci-appspider-plugin","104"
"jenkinslint","552"
"jenkinspider","11"
"jenkinswalldisplay","1547"
"jenkinswalldisplay-pom","19"
"jgiven","193"
"jianliao","9"
"jigomerge","243"
"jira","63413"
"jira-ext","1737"
"jira-steps","5653"
"jira-trigger","3594"
"jjwt-api","114172"
"jmeter","14"
"jmh-report","145"
"jms-messaging","142"
"jna-posix-api","27"
"jnr-posix-api","20"
"job-direct-mail","1146"
"job-dsl","33311"
"job-exporter","1019"
"job-fan-in","475"
"job-import-plugin","16855"
"job-log-logger-plugin","574"
"job-node-stalker","813"
"job-parameter-summary","893"
"job-poll-action-plugin","602"
"job-restrictions","6510"
"job-strongauth-simple","37"
"jobConfigHistory","37364"
"jobcacher","1013"
"jobcopy-builder","1473"
"jobdelete-builder","238"
"jobgenerator","2483"
"jobrequeue","278"
"jobrevision","491"
"jobtemplates","300"
"jobtype-column","443"
"join","7849"
"jprt","21"
"jqs-monitoring","1596"
"jquery","122323"
"jquery-detached","179990"
"jquery-ui","24064"
"jquery3-api","186935"
"jsch","280290"
"jsgames","23"
"jshint-checkstyle","246"
"jslint","616"
"jslint-checkstyle","98"
"jsoup","46"
"jsunit","433"
"jswidgets","221"
"jucies","89"
"junit","289885"
"junit-attachments","4496"
"junit-realtime-test-reporter","2405"
"junit-sql-storage","155"
"jwt-support","71"
"jx-pipelines","473"
"jx-resources","138"
"jython","454"
"kafkalogs","154"
"kanboard","117"
"karaf-build-step","21"
"katalon","992"
"kato","3"
"keep-slave-disconnected","97"
"keepSlaveOffline","238"
"kerberos-sso","792"
"keyboard-shortcuts-plugin","397"
"keycloak","933"
"kiuwanJenkinsPlugin","139"
"klaros-testmanagement","26"
"klocwork","944"
"kmap-jenkins","92"
"koji","38"
"kotlin-v1-stdlib-jdk8","209"
"kpp-management-plugin","3076"
"kryptowire","1"
"kubernetes","27198"
"kubernetes-cd","5891"
"kubernetes-ci","393"
"kubernetes-cli","6560"
"kubernetes-client-api","23867"
"kubernetes-credentials","26368"
"kubernetes-credentials-provider","2759"
"kubernetes-pipeline-aggregator","520"
"kubernetes-pipeline-arquillian-steps","522"
"kubernetes-pipeline-devops-steps","2771"
"kubernetes-pipeline-steps","977"
"kubesphere-token-auth","31"
"label-linked-jobs","1393"
"label-verifier","329"
"labeled-test-groups-publisher","214"
"labelled-steps","651"
"labmanager","81"
"lambda-test-runner","193"
"lambdatest-automation","220"
"last-changes","2737"
"lastfailureversioncolumn","373"
"lastsuccessversioncolumn","469"
"ldap","263620"
"ldapemail","2878"
"leanix-microservice-intelligence","7"
"leastload","2091"
"leiningen-plugin","113"
"lenientshutdown","435"
"libvirt-slave","382"
"lifx-notifier","199"
"lighthouse-report","238"
"linenumbers","391"
"link-column","35"
"liquibase-runner","322"
"list-command","215"
"list-git-branches-parameter","3709"
"literate","10"
"liverebel-deploy","4"
"livescreenshot","253"
"llvm-cov","99"
"loadcomplete","3"
"loaderio-jenkins-plugin","41"
"loadfocus-jmeter-load-testing-integration","91"
"loadfocus-loadtest","13"
"loadimpact-plugin","77"
"loadium","5"
"loadninja","16"
"loadrunner","9"
"locale","23370"
"localization-support","53330"
"localization-zh-cn","55161"
"lockable-resources","236091"
"locked-files-report","87"
"log-cli","88"
"log-command","343"
"log-file-filter","366"
"log-parser","12701"
"logaction-plugin","144"
"logback-nats-appender","71"
"logentries","18"
"logfilesizechecker","1200"
"logging","636"
"login-theme","2391"
"logstash","3513"
"lotus-connections-plugin","14"
"lsf-cloud","13"
"lucene-search","150"
"m2-extra-steps","93"
"m2release","13194"
"mabl-integration","65"
"mac","242"
"machine-learning","30"
"macstadium-orka","117"
"mail-watcher-plugin","4212"
"mailcommander","441"
"mailer","293366"
"mailmap-resolver","215"
"maintenance-jobs-scheduler","116"
"manage-permission","28"
"managed-scripts","4930"
"mantis","260"
"mapdb-api","160350"
"marathon","284"
"markdown-formatter","140"
"mashup-portlets-plugin","1195"
"mask-passwords","19835"
"material-theme","1036"
"mathworks-polyspace","97"
"matlab","260"
"matrix-auth","280160"
"matrix-combinations-parameter","2804"
"matrix-groovy-execution-strategy","1134"
"matrix-project","288113"
"matrix-reloaded","1211"
"matrixtieparent","675"
"mattermost","2654"
"maven-artifact-choicelistprovider","4591"
"maven-dependency-update-trigger","3589"
"maven-deployment-linker","2418"
"maven-info","5378"
"maven-invoker-plugin","4869"
"maven-metadata-plugin","4738"
"maven-plugin","167233"
"maven-release-cascade","1153"
"maven-repo-cleaner","3783"
"maven-snapshot-check","1900"
"mdt-deployment","47"
"mdtool","105"
"meliora-testlab","22"
"memegen","149"
"memory-map","326"
"mentor-questa-vrm","97"
"mercurial","75016"
"mesos","960"
"metadata","479"
"metrics","34752"
"metrics-aggregation","40"
"metrics-datadog","296"
"metrics-diskusage","1014"
"metrics-ganglia","21"
"metrics-graphite","492"
"micro-focus-performance-center-integration","146"
"microdocs-integration","2"
"minio","88"
"minio-storage","109"
"miniorange-saml-sp","235"
"misra-compliance-report-generator","34"
"mission-control-view","1342"
"mktmpio","84"
"mock-load-builder","43"
"mock-security-realm","163"
"mock-slave","275"
"modernstatus","2339"
"mogotest","1"
"momentjs","263795"
"mongodb","345"
"mongodb-document-upload","144"
"monitor-pro","213"
"monitor-remote-job","171"
"monitoring","20482"
"monkit-plugin","25"
"mq-notifier","336"
"mqtt-notification-plugin","121"
"msbuild","24059"
"msginject","390"
"mstest","6960"
"mstestrunner","4116"
"mttr","200"
"multi-branch-priority-sorter","139"
"multi-branch-project-plugin","4818"
"multi-module-tests-publisher","3049"
"multi-slave-config-plugin","1697"
"multibranch-action-triggers","866"
"multibranch-build-strategy-extension","1813"
"multibranch-job-tear-down","270"
"multibranch-scan-webhook-trigger","1792"
"multiple-scms","24539"
"multiselect-parameter","247"
"muuri-api","70"
"mypeople","1"
"mysql-api","472"
"mysql-job-databases","318"
"myst-plugin","106"
"nabaztag","4"
"naginator","11801"
"nant","2761"
"neoload-jenkins-plugin","249"
"nerrvana-plugin","16"
"nested-view","8646"
"netdomain-labeler","17"
"netsparker-cloud-scan","70"
"network-monitor","384"
"neuvector-vulnerability-scanner","50"
"newrelic-deployment-notifier","628"
"next-build-number","9730"
"next-executions","3912"
"nexus-artifact-uploader","8097"
"nexus-jenkins-plugin","7188"
"nexus-task-runner","1176"
"nirmata","87"
"nis-notification-lamp","4"
"no-agent-job-purge","184"
"node-iterator-api","15396"
"node-sharing-executor","131"
"node-sharing-orchestrator","7"
"nodejs","55785"
"nodelabelparameter","19947"
"nodenamecolumn","1085"
"nodeofflinenotification","16"
"nodepool-agents","63"
"nomad","327"
"non-dynamic-hello-world","2"
"nopmdcheck","59"
"nopmdverifytrac","40"
"notification","7065"
"notifo","9"
"notify-events","480"
"nouvola-divecloud","5"
"nowsecure-auto-security-test","37"
"npm-yarn-wrapper-steps","538"
"nsiqcollector","234"
"nuclei","2"
"nuget","2706"
"numeraljs","284"
"nunit","5986"
"nutanix-calm","43"
"nvm-wrapper","2311"
"oauth-credentials","15126"
"octoperf","50"
"octopusdeploy","755"
"offlineonfailure-plugin","213"
"oic-auth","2777"
"okhttp-api","172631"
"oki-docki","144"
"one-shot-executor","125"
"onesky","11"
"ontrack","50"
"open-stf","202"
"openJDK-native-plugin","1782"
"opencover","220"
"openedge","19"
"openid","977"
"openid4java","1184"
"openscada-jenkins-exporter","5"
"openshift-client","2534"
"openshift-deployer","389"
"openshift-login","1087"
"openshift-pipeline","1213"
"openshift-sync","1654"
"openstack-cloud","978"
"openstack-heat","38"
"opentelemetry","33"
"opsgenie","426"
"oracle-cloud-infrastructure-compute","276"
"oracle-cloud-infrastructure-compute-classic","24"
"osf-builder-suite-for-sfcc-credentials","89"
"osf-builder-suite-for-sfcc-data-import","37"
"osf-builder-suite-for-sfcc-deploy","77"
"osf-builder-suite-for-sfcc-run-job","14"
"osf-builder-suite-standalone-sonar-linter","187"
"osf-builder-suite-xml-linter","41"
"oslc-cm","12"
"ostorlab","1"
"otabuilder","18"
"outbound-webhook","328"
"overops-query","33"
"oversecured","6"
"ownership","2468"
"p4","6396"
"package-drone","46"
"package-parameter","287"
"packagecloud","27"
"packageversion","37"
"packer","1904"
"pagerduty","1025"
"pam-auth","262732"
"pangolin-testrail-connector","145"
"parallel-test-executor","1331"
"parallels-desktop","26"
"parameter-pool","313"
"parameter-separator","4194"
"parameterized-scheduler","12178"
"parameterized-trigger","88438"
"paranoia","33"
"parasoft-findings","557"
"partyparrotstatus","49"
"patch-parameter","844"
"pathignore","346"
"pathignore-plugin","1"
"pegdown-formatter","1568"
"pending-changes","237"
"people-redirector","32"
"percentage-du-node-column","699"
"perfecto","25"
"perfectomobile","128"
"perfectomobile-jenkins","2"
"perforce","1541"
"performance","14282"
"performance-signature-dynatrace","154"
"performance-signature-dynatracesaas","189"
"performance-signature-ui","405"
"performance-signature-viewer","252"
"perfpublisher","1872"
"periodic-reincarnation","262"
"periodicbackup","4246"
"perl","219"
"perl-smoke-test","42"
"permissive-script-security","5798"
"persistent-build-queue-plugin","135"
"persistent-parameter","3592"
"persona","327"
"phabricator-k8s","94"
"phabricator-plugin","769"
"phing","1077"
"phoenix-autotest","599"
"php","624"
"php-builtin-web-server","235"
"piketec-tpt","38"
"pipeline-aggregator-view","4601"
"pipeline-as-yaml","341"
"pipeline-aws","11042"
"pipeline-bamboo","321"
"pipeline-build-step","265522"
"pipeline-classpath","195"
"pipeline-cloudwatch-logs","61"
"pipeline-config-history","1783"
"pipeline-cps-http","1173"
"pipeline-dependency-walker","926"
"pipeline-deploymon","538"
"pipeline-editor","18"
"pipeline-giphy-api","86"
"pipeline-github","7573"
"pipeline-github-lib","211510"
"pipeline-githubnotify-step","4984"
"pipeline-gitstatuswrapper","458"
"pipeline-global-lib-nexus","713"
"pipeline-graph-analysis","263776"
"pipeline-graph-view","136"
"pipeline-huaweicloud-plugin","84"
"pipeline-input-step","266633"
"pipeline-keep-running-step","134"
"pipeline-keepenv-step","112"
"pipeline-maven","25624"
"pipeline-milestone-step","263522"
"pipeline-model-api","262949"
"pipeline-model-declarative-agent","117818"
"pipeline-model-definition","258015"
"pipeline-model-extensions","260247"
"pipeline-multibranch-defaults","11000"
"pipeline-npm","6837"
"pipeline-rest-api","261021"
"pipeline-restful-api","669"
"pipeline-stage-step","267237"
"pipeline-stage-tags-metadata","263622"
"pipeline-stage-view","260267"
"pipeline-timeline","2553"
"pipeline-utility-steps","49903"
"pitmutation","247"
"piwikanalytics","100"
"plain-credentials","278259"
"plasticscm-mergebot","50"
"plasticscm-plugin","287"
"platformlabeler","240"
"play-autotest-plugin","217"
"plot","7314"
"plugin-usage-plugin","4453"
"plugin-util-api","187220"
"pmd","9588"
"polarion","334"
"policycenter-gate-validator","22"
"poll-mailbox-trigger","28"
"poll-mailbox-trigger-plugin","1592"
"pollscm","1919"
"pom2config","176"
"popper-api","178584"
"popper2-api","44423"
"port-allocator","4793"
"portshift-scanner","5"
"post-completed-build-result","472"
"postbuild-task","20323"
"postbuildscript","15240"
"postgresql-api","397"
"powershell","20554"
"pragprog","67"
"preSCMbuildstep","6182"
"prereq-buildstep","819"
"pretest-commit","1"
"pretested-integration","320"
"prisma-cloud-iac-scan","128"
"probely-security","46"
"proc-cleaner-plugin","204"
"progress-bar-column-plugin","1545"
"project-build-times","1561"
"project-description-setter","2479"
"project-health-report","511"
"project-inheritance","1727"
"project-stats-plugin","5212"
"prometheus","8419"
"promoted-builds","12914"
"promoted-builds-simple","1648"
"protecode-sc","204"
"proxmox","186"
"prqa-plugin","301"
"pry","72"
"publish-over","73691"
"publish-over-cifs","4382"
"publish-over-dropbox","483"
"publish-over-ftp","8839"
"publish-over-ssh","71153"
"publish-to-bitbucket","971"
"pubsub-light","78730"
"pull-request-monitoring","66"
"puppet","202"
"puppet-enterprise-pipeline","176"
"pureload","6"
"purge-build-queue-plugin","3742"
"purge-job-history","3670"
"pvcs_scm","66"
"pwauth","487"
"pyenv","1920"
"pyenv-pipeline","3825"
"python","14892"
"python-wrapper","2500"
"qc","238"
"qftest","191"
"qiniu","45"
"qmetry-for-jira-test-management","155"
"qmetry-test-management","61"
"qrebel","16"
"qtest","1355"
"quality-gates","3300"
"qualityclouds","25"
"qualys-api-security","52"
"qualys-cs","147"
"qualys-pc","23"
"qualys-vm","82"
"qualys-was","173"
"quayio-trigger","60"
"queue-cleanup","428"
"qy-wechat-notification","1499"
"r","203"
"r7insight-log-forwarder","13"
"rabbitmq-build-trigger","300"
"rabbitmq-consumer","1006"
"rabbitmq-publisher","171"
"rad-builder","82"
"radargun","3"
"radargun-reporting","3"
"radiatorviewplugin","1511"
"rake","1761"
"rally-plugin","162"
"rally-update-plugin-1","18"
"rallyBuild","46"
"rancher","857"
"random-job-builder","26"
"random-string-parameter","1138"
"ranorex-integration","393"
"rapid7-insightvm-container-assessment","129"
"rapiddeploy-jenkins","98"
"rb","42"
"rbenv","842"
"reactor-plugin","23"
"read-only-configurations","972"
"readonly-parameters","1953"
"rebuild","47289"
"recipe","91"
"redeploy-rancher2-workload","452"
"redgate-sql-ci","269"
"redhat-codeready-dependency-analysis","3"
"redis-fingerprint-storage","32"
"redis-notifier","73"
"redmine","1407"
"redmine-metrics-report","158"
"refit","11"
"regression-report-plugin","367"
"release","3618"
"release-helper","751"
"release-multi-test","3"
"reliza-integration","1"
"relution-publisher","60"
"remote-file","869"
"remote-jobs-view-plugin","415"
"remote-terminal-access","636"
"remoting-kafka","74"
"repo","3435"
"report-info","1577"
"reportportal","230"
"repository","3119"
"repository-connector","5179"
"reqtify","14"
"requests","58"
"resource-disposer","241406"
"rest-list-parameter","117"
"restricted-register","70"
"results-cache","19"
"reverse-proxy-auth-plugin","2320"
"reviewboard","3"
"rhnpush-plugin","68"
"rich-text-publisher-plugin","2757"
"rigor-optimization","40"
"robot","8418"
"rocketchatnotifier","1471"
"role-strategy","79371"
"rpi-build-status","5"
"rpmsign-plugin","246"
"rqm-plugin","89"
"rrod","57"
"rtc","16"
"ruby-runtime","28984"
"rubyMetrics","930"
"rubymotion","72"
"run-condition","101431"
"run-condition-extras","2525"
"run-selector","916"
"rundeck","1201"
"runscope","129"
"rusalad-plugin","5"
"rvm","1932"
"s3","9102"
"s3explorer","232"
"saferestart","13330"
"sahagin","17"
"sahagin-jenkins-plugin","1"
"salesforce-migration-assistant-plugin","95"
"saltstack","831"
"sametime","70"
"saml","16193"
"sample","3"
"sasunit-plugin","17"
"sauce-ondemand","1185"
"sbt","5495"
"scala-junit-name-decoder","196"
"scalable-amazon-ecs","1025"
"schedule-build","5608"
"schedule-build-plugin","23"
"schedule-failed-builds","101"
"scis-ad","224"
"scm-api","291859"
"scm-branch-pr-filter","1"
"scm-filter-branch-pr","1089"
"scm-filter-jervis","51"
"scm-httpclient","75"
"scm-manager","142"
"scm-sqs","186"
"scm-sync-configuration","6835"
"scm2job","591"
"scmskip","765"
"scons","244"
"scoring-load-balancer","1415"
"scoverage","757"
"scp","4999"
"screenrecorder","38"
"script-realm","362"
"script-realm-extended","1"
"script-scm","59"
"script-security","293205"
"scripted-cloud-plugin","188"
"scriptler","7389"
"scripttrigger","720"
"sdelements","10"
"sealights","32"
"search-all-results-plugin","91"
"secondary-timestamper-plugin","1532"
"secret","69"
"sectioned-view","4187"
"secure-post-script","75"
"secure-requester-whitelist","471"
"security-inspector","322"
"security-no-captcha","6"
"seed","583"
"select2-api","93"
"selected-tests-executor","642"
"selection-tasks-plugin","310"
"selenium","2512"
"selenium-aes","460"
"selenium-axis","441"
"selenium-builder","742"
"seleniumhtmlreport","3216"
"seleniumrc-plugin","672"
"semantic-versioning-plugin","148"
"sematext","6"
"send-stacktrace-to-eclipse-plugin","49"
"sensedia-api-platform","4"
"serenity","499"
"service-fabric","223"
"service-now","389"
"servicenow-cicd","88"
"setenv","183"
"sge-cloud-plugin","1"
"shared-objects","1014"
"shared-workspace","1771"
"shelve-project-plugin","2755"
"shiningpanda","4373"
"short-workspace-path","396"
"show-build-parameters","4151"
"sicci_for_xcode","511"
"sidebar-link","6271"
"sidebar-update-notification","249"
"sideex","5"
"signal-killer","54"
"silk-performer-plugin","41"
"simple-build-for-pipeline","1172"
"simple-parameterized-builds-report","1581"
"simple-pull-request-job","25"
"simple-queue","150"
"simple-theme-plugin","29337"
"simple-travis-runner","170"
"simpleclearcase","90"
"simpleupdatesite","72"
"simplify-qa-connector","3"
"sinatra-chef-builder","59"
"singleuseslave","130"
"sitemonitor","1966"
"skenai","12"
"skip-certificate-check","4564"
"skip-notifications-trait","564"
"skype-notifier","408"
"skytap","48"
"skytap-cloud-plugin","1"
"slack","46367"
"slack-uploader","2590"
"sladiator-notifier","6"
"slave-prerequisites","517"
"slave-proxy","353"
"slave-setup","3711"
"slave-squatter","254"
"slave-status","2204"
"slave-utilization-plugin","811"
"sloccount","2398"
"smalltest","7"
"smart-jenkins","10"
"smartfrog-plugin","11"
"smilehubnotifier","7"
"sms","364"
"sms-notification","7"
"snakeyaml-api","197552"
"snowglobe","2"
"snsnotify","535"
"snyk-security-scanner","610"
"soapui-pro-functional-testing","643"
"sofy-ai","20"
"solarized-theme","599"
"sonar","50748"
"sonar-gerrit","1701"
"sonar-quality-gates","8083"
"sonargraph-integration","2092"
"sonargraph-plugin","1541"
"sonarqube-generic-coverage","1185"
"sonatype-ci","40"
"sounds","603"
"sourcemonitor","322"
"speaks","24"
"split-admin","7"
"splunk-devops","2949"
"splunk-devops-extend","1573"
"spoonscript","8"
"spotinst","202"
"spring-config","56"
"spring-initalzr","180"
"sqlplus-script-runner","1844"
"squashtm-publisher","53"
"sra-deploy","106"
"srcclr-installer","20"
"sse-gateway","72871"
"ssh","52108"
"ssh-agent","59759"
"ssh-credentials","292026"
"ssh-slaves","257846"
"ssh-steps","16086"
"ssh2easy","6270"
"ssh2easy-plugin","18"
"sshd","82433"
"stackhammer","20"
"stackify-deployment-recorder","19"
"stackrox-container-image-scanner","36"
"starteam","120"
"started-by-envvar","744"
"startup-trigger-plugin","4853"
"stash-pullrequest-builder","1867"
"stashNotifier","7924"
"statistics-gatherer","865"
"statusmonitor","1516"
"statuspage-gating","5"
"stepcounter","513"
"stoplightio-report","37"
"storable-configs-plugin","183"
"strawboss","192"
"strict-crumb-issuer","4101"
"structs","290986"
"subversion","156280"
"suite-test-groups-publisher","11"
"summary_report","2081"
"sumologic-publisher","218"
"support-core","3499"
"suppress-stack-trace","270"
"svn-partial-release-mgr","856"
"svn-revert-plugin","1476"
"svn-tag","1283"
"svn-workspace-cleaner","2129"
"svncompat13","517"
"svncompat14","2550"
"svnmerge","1039"
"swamp","6"
"swarm","8184"
"sweagle","16"
"synergy","98"
"synopsys-coverity","1114"
"synopsys-polaris","88"
"sysdig-secure","67"
"syslog-logger","467"
"systemloadaverage-monitor","1179"
"tag-profiler","41"
"tanaguru","41"
"tap","1634"
"tasks","3451"
"tattletale-plugin","47"
"tcl","24"
"team-views","420"
"teamconcert","1483"
"teamconcert-git","275"
"teamscale-upload","3"
"tekton-client","12"
"telegram-notifications","1108"
"telerik-appbuilder-plugin","5"
"template-project","2345"
"template-workflows","691"
"templating-engine","1052"
"terminal","815"
"terminate-ssh-processes-plugin","1237"
"terraform","3996"
"test-results-aggregator","1388"
"test-results-analyzer","10201"
"test-stability","1453"
"testInProgress","3742"
"testabilityexplorer","125"
"testcafe","79"
"testcomplete-xunit","708"
"testcomplete11-xunit","319"
"testdroid-run-in-cloud","66"
"testein","3"
"testflight","160"
"testflo-for-jira-test-management-automation","37"
"testingbot","212"
"testinium","7"
"testlink","902"
"testng-plugin","12383"
"testodyssey-execution","2"
"testopia","43"
"testproject","218"
"testquality-updater","79"
"testsigma","12"
"teststudio","25"
"teststudioapitesting","13"
"teststudiomobiletesting","4"
"testweaver","12"
"text-file-operations","2662"
"text-finder","9007"
"text-finder-run-condition","4888"
"tfs","4336"
"theme-manager","3587"
"themis","6"
"thinBackup","29193"
"thread-dump-action-plugin","67"
"threadfix","44"
"throttle-concurrents","18194"
"thucydides","454"
"thycotic-vault","10"
"tibco-builder","40"
"tics","35"
"timestamper","241530"
"tinfoil-scan","16"
"tm4j-automation","469"
"tmpcleaner","896"
"token-macro","282715"
"tool-labels-plugin","236"
"toolenv","1336"
"trac","367"
"trac-publisher-plugin","98"
"tracking-git","761"
"tracking-svn","803"
"transifex","18"
"translation","30873"
"travis-yml","267"
"tricentis-ci","153"
"trilead-api","253726"
"tuleap-api","77"
"tuleap-git-branch-source","94"
"tuleap-oauth","27"
"tuxdroid","7"
"twitter","66"
"typetalk","18"
"ui-samples-plugin","441"
"ui-test-capture","157"
"uipath-automation-package","199"
"uithemes","22"
"uleska","3"
"unicorn","78"
"unique-id","423"
"unity3d-plugin","2199"
"unleash","2171"
"uno-choice","25625"
"unreliable-slave-plugin","48"
"update-sites-manager","1676"
"updatebot","31"
"updraft-publisher","22"
"upload-artifacts-to-nexus","5"
"upload-pgyer","1233"
"upstream-downstream-view","319"
"uptime","588"
"urbancode-velocity","70"
"url-auth","61"
"url-auth-sso","520"
"url-change-trigger","50"
"urltrigger","2846"
"usemango-runner","5"
"user1st-utester","1"
"utplsql","110"
"vaddy-plugin","12"
"vagrant","487"
"valgrind","1502"
"valid-network","3"
"validating-email-parameter","274"
"validating-string-parameter","6064"
"validating-yaml-parameter","10"
"variables-replace-plugin","393"
"variant","104424"
"vault-scm-plugin","54"
"vboxwrapper","48"
"vdoo-vision","5"
"vectorcast-coverage","216"
"vectorcast-execution","199"
"venafi-codesigning","22"
"venafi-vcert","2"
"veracode-scan","767"
"veracode-scanner","223"
"versioncolumn","1169"
"versionnumber","6561"
"vertx","10"
"vessel","2"
"viber-notification","13"
"view-cloner","458"
"view-job-filters","13047"
"view26","94"
"viewVC","557"
"views-containing-job","64"
"violation-columns","362"
"violation-comments-to-github","715"
"violation-comments-to-gitlab","2619"
"violation-comments-to-stash","1182"
"violations","6510"
"virtualbox","567"
"visual-basic-6","117"
"visualexpert","1"
"visualworks-store","7"
"vmanager-plugin","86"
"vmware-vrealize-automation-plugin","106"
"vmware-vrealize-codestream","57"
"vmware-vrealize-orchestrator","75"
"vncrecorder","263"
"vncviewer","545"
"vrealize-automation-8","3"
"vs-code-metrics","1320"
"vsphere-cloud","2932"
"vss","165"
"vstestrunner","2654"
"vsts-cd","762"
"wallarm-fast","34"
"walti","12"
"waptpro","3"
"warnings","11371"
"warnings-ng","22541"
"warrior","9"
"was-builder","331"
"wattspeed","5"
"wavefront","49"
"webhook-eventsource","232"
"webhook-step","2506"
"webload","32"
"weblogic-deployer-plugin","1288"
"websocket","369"
"websocketin-notification","29"
"websphere-deployer","851"
"weibo","24"
"weibo4jenkins","2"
"whitesource","619"
"wildfly-deployer","685"
"windocks-start-container","271"
"windows-azure-storage","1904"
"windows-cloud","121"
"windows-exe-runner","1749"
"windows-slaves","162281"
"winrm-client","747"
"wix","318"
"workflow-aggregator","252107"
"workflow-api","287412"
"workflow-basic-steps","268280"
"workflow-cps","272714"
"workflow-cps-global-lib","264727"
"workflow-cps-global-lib-http","2150"
"workflow-durable-task-step","272315"
"workflow-job","277382"
"workflow-multibranch","266168"
"workflow-remote-loader","3325"
"workflow-scm-step","286381"
"workflow-step-api","290242"
"workflow-stm","4"
"workflow-support","281712"
"working-hours","102"
"workplace-notifier","85"
"worktile","16"
"writable-filesystem-monitor","17"
"ws-cleanup","239153"
"ws-execution-manager","31"
"ws-ws-replacement","366"
"wso2id-oauth","24"
"wwpass-plugin","2"
"xcode-plugin","6315"
"xcp-ci","3"
"xfpanel","506"
"xframe-filter-plugin","1357"
"xframium","7"
"xlrelease-plugin","269"
"xlrelease-var-setter","60"
"xltest-plugin","9"
"xltestview-plugin","36"
"xml-job-to-job-dsl","2224"
"xpath-config-viewer","76"
"xpdev","5"
"xray-connector","1334"
"xshell","1252"
"xtrigger","217"
"xunit","18414"
"xvfb","6454"
"xvnc","1916"
"yaml-axis","334"
"yaml-project","2"
"yammer","91"
"yandex-metrica","10"
"yet-another-build-visualizer","833"
"yet-another-docker-plugin","1573"
"youtrack-plugin","84"
"zanata","46"
"zap","1727"
"zap-pipeline","347"
"zapper","848"
"zaproxy","65"
"zaproxy-jenkins","1"
"zentimestamp","3957"
"zephyr-enterprise-test-management","211"
"zephyr-for-jira-test-management","390"
"zmq-event-publisher","124"
"zohosprints","7"
"zoom","155"
"zos-connector","189"
"zulip","139"
