"ez-templates","2507"
"pipeline-timeline","2507"
"python-wrapper","2516"
"project-description-setter","2516"
"gitea","2518"
"kubernetes-credentials-provider","2526"
"webhook-step","2539"
"cmakebuilder","2558"
"build-token-trigger","2565"
"run-condition-extras","2573"
"android-lint","2584"
"compact-columns","2603"
"hipchat","2614"
"jobgenerator","2648"
"oic-auth","2677"
"ftppublisher","2678"
"violation-comments-to-gitlab","2683"
"slack-uploader","2686"
"selenium","2693"
"cron_column","2699"
"vstestrunner","2709"
"build-notifications","2716"
"build-flow-test-aggregator","2719"
"last-changes","2719"
"text-file-operations","2737"
"kubernetes-pipeline-devops-steps","2742"
"mattermost","2763"
"buildresult-trigger","2770"
"shelve-project-plugin","2771"
"console-column-plugin","2788"
"configuration-as-code-groovy","2799"
"aws-global-configuration","2805"
"multi-module-tests-publisher","2829"
"clone-workspace-scm","2843"
"theme-manager","2845"
"splunk-devops","2859"
"nuget","2861"
"rich-text-publisher-plugin","2874"
"nant","2890"
"any-buildstep","2907"
"urltrigger","2912"
"filesystem-list-parameter-plugin","2938"
"cloverphp","2945"
"matrix-combinations-parameter","2946"
"ldapemail","2979"
"codedeploy","2993"
"vsphere-cloud","2996"
"git-tag-message","3006"
"github-pr-coverage-status","3059"
"cucumber-testresult-plugin","3060"
"disable-failed-job","3064"
"fstrigger","3103"
"envfile","3103"
"gitee","3124"
"instant-messaging","3133"
"kpp-management-plugin","3137"
"repository","3171"
"emma","3216"
"cloudbees-credentials","3231"
"dynamicparameter","3239"
"seleniumhtmlreport","3243"
"buildgraph-view","3255"
"dependency-track","3262"
"confluence-publisher","3284"
"workflow-remote-loader","3358"
"create-fingerprint","3454"
"list-git-branches-parameter","3466"
"logstash","3473"
"quality-gates","3480"
"build-metrics","3506"
"clover","3521"
"testInProgress","3534"
"docker-custom-build-environment","3535"
"persistent-parameter","3537"
"repo","3538"
"gatling","3573"
"database","3579"
"jira-trigger","3585"
"strict-crumb-issuer","3600"
"downstream-buildview","3608"
"bitbucket-push-and-pull-request","3609"
"purge-job-history","3617"
"bitbucket-oauth","3669"
"maven-dependency-update-trigger","3715"
"release","3742"
"support-core","3742"
"pyenv-pipeline","3751"
"hudson-wsclean-plugin","3770"
"terraform","3772"
"maven-repo-cleaner","3817"
"android-emulator","3821"
"zentimestamp","3835"
"slave-setup","3902"
"environment-script","3956"
"checkmarx","3963"
"jenkins-jira-issue-updater","3968"
"purge-build-queue-plugin","3975"
"next-executions","4003"
"parameter-separator","4045"
"tasks","4109"
"periodicbackup","4203"
"mail-watcher-plugin","4226"
"buildtriggerbadge","4251"
"chucknorris","4289"
"show-build-parameters","4290"
"dry","4307"
"mstestrunner","4324"
"global-variable-string-parameter","4343"
"plugin-usage-plugin","4350"
"sectioned-view","4372"
"skip-certificate-check","4416"
"custom-tools-plugin","4429"
"atlassian-bitbucket-server-integration","4446"
"shiningpanda","4448"
"email-ext-recipients-column","4462"
"date-parameter","4476"
"publish-over-cifs","4506"
"bitbucket-pullrequest-builder","4544"
"depgraph-view","4589"
"amazon-ecs","4625"
"cppcheck","4656"
"junit-attachments","4672"
"maven-artifact-choicelistprovider","4683"
"text-finder-run-condition","4708"
"pipeline-aggregator-view","4731"
"PrioritySorter","4765"
"startup-trigger-plugin","4836"
"categorized-view","4939"
"maven-metadata-plugin","4959"
"maven-invoker-plugin","4962"
"docker-compose-build-step","4964"
"port-allocator","4978"
"tfs","4996"
"multi-branch-project-plugin","5023"
"pipeline-githubnotify-step","5041"
"azure-credentials","5055"
"project-stats-plugin","5056"
"convert-to-pipeline","5058"
"JDK_Parameter_Plugin","5085"
"managed-scripts","5089"
"claim","5198"
"scp","5281"
"google-login","5287"
"repository-connector","5332"
"hashicorp-vault-plugin","5406"
"permissive-script-security","5491"
"maven-info","5502"
"sbt","5530"
"docker-slaves","5542"
"hidden-parameter","5573"
"jira-steps","5608"
"dingding-notifications","5624"
"schedule-build","5628"
"dynamic_extended_choice_parameter","5643"
"gitlab-branch-source","5724"
"bitbucket-build-status-notifier","5731"
"gitlab-logo","5777"
"global-slack-notifier","5786"
"kubernetes-cd","5839"
"build-flow-plugin","5858"
"validating-string-parameter","5869"
"cloud-stats","5881"
"kubernetes-cli","6186"
"preSCMbuildstep","6271"
"nunit","6281"
"ssh2easy","6335"
"build-environment","6340"
"sidebar-link","6369"
"golang","6388"
"p4","6391"
"build-failure-analyzer","6444"
"job-restrictions","6477"
"xcode-plugin","6596"
"async-http-client","6636"
"xvfb","6657"
"dependency-check-jenkins-plugin","6660"
"versionnumber","6793"
"pipeline-npm","6794"
"notification","6817"
"scm-sync-configuration","7016"
"copy-to-slave","7075"
"nexus-jenkins-plugin","7077"
"amazon-ecr","7099"
"violations","7142"
"pipeline-github","7235"
"mstest","7273"
"cloudbees-disk-usage-simple","7328"
"plot","7595"
"scriptler","7603"
"join","7836"
"gitlab-merge-request-jenkins","7852"
"extra-columns","7857"
"sonar-quality-gates","7910"
"stashNotifier","7934"
"prometheus","7940"
"artifactdeployer","7946"
"nexus-artifact-uploader","7994"
"swarm","8048"
"basic-branch-build-strategies","8104"
"backup","8174"
"gerrit-trigger","8224"
"discard-old-build","8472"
"robot","8628"
"audit-trail","8650"
"git-changelog","8827"
"nested-view","8918"
"file-operations","8947"
"analysis-collector","9088"
"publish-over-ftp","9134"
"s3","9237"
"text-finder","9296"
"next-build-number","9642"
"blueocean-executor-info","9703"
"delivery-pipeline-plugin","9844"
"docker-build-publish","10110"
"pmd","10322"
"ec2","10323"
"azure-commons","10383"
"test-results-analyzer","10459"
"pipeline-aws","10767"
"build-token-root","10850"
"cucumber-reports","10993"
"global-build-stats","11064"
"flexible-publish","11144"
"pipeline-multibranch-defaults","11154"
"findbugs","11190"
"parameterized-scheduler","11483"
"saml","11786"
"naginator","11905"
"gitlab-api","11993"
"warnings","12277"
"testng-plugin","12340"
"configurationslicing","12572"
"log-parser","12819"
"saferestart","13104"
"view-job-filters","13151"
"build-timestamp","13411"
"promoted-builds","13464"
"disk-usage","13536"
"m2release","13542"
"ghprb","13747"
"allure-jenkins-plugin","13829"
"dtkit-api","13944"
"google-oauth-plugin","14119"
"docker-build-step","14291"
"performance","14385"
"build-with-parameters","14406"
"Parameterized-Remote-Trigger","14556"
"description-setter","14648"
"postbuildscript","14808"
"build-blocker-plugin","14820"
"checkstyle","14831"
"node-iterator-api","14912"
"Office-365-Connector","14928"
"github-oauth","14952"
"python","15021"
"ssh-steps","15155"
"gitlab-oauth","15327"
"github-pullrequest","15559"
"oauth-credentials","15619"
"gitlab-hook","16368"
"job-import-plugin","16504"
"embeddable-build-status","18227"
"throttle-concurrents","18394"
"build-monitor-plugin","18761"
"data-tables-api","18905"
"xunit","19069"
"deploy","19370"
"badge","19442"
"mask-passwords","19682"
"sshd","19763"
"groovy-postbuild","19769"
"monitoring","20131"
"nodelabelparameter","20186"
"postbuild-task","20425"
"generic-webhook-trigger","20723"
"powershell","20790"
"forensics-api","20830"
"ansible","20974"
"extensible-choice-parameter","21312"
"github-organization-folder","21432"
"kubernetes-client-api","22070"
"configuration-as-code","22276"
"warnings-ng","22429"
"http_request","22481"
"jacoco","22703"
"h2-api","22998"
"artifactory","23050"
"analysis-model-api","23104"
"locale","23839"
"emailext-template","24061"
"code-coverage-api","24082"
"uno-choice","24835"
"msbuild","25025"
"kubernetes-credentials","25114"
"pipeline-maven","25424"
"multiple-scms","25621"
"bitbucket","25770"
"kubernetes","25783"
"cobertura","25796"
"jquery-ui","26102"
"extended-read-permission","27571"
"authorize-project","27677"
"jenkins-multijob-plugin","27725"
"ivy","27853"
"aws-credentials","28177"
"built-on-column","28342"
"groovy","28400"
"thinBackup","28934"
"build-user-vars-plugin","29005"
"simple-theme-plugin","29654"
"ruby-runtime","29901"
"analysis-core","31712"
"metrics","31891"
"build-name-setter","32058"
"translation","32685"
"docker-plugin","32716"
"job-dsl","33025"
"greenballs","33869"
"aws-java-sdk","34100"
"active-directory","34727"
"extended-choice-parameter","34813"
"docker-java-api","35088"
"build-pipeline-plugin","35894"
"jobConfigHistory","37363"
"cvs","39644"
"dashboard-view","39667"
"ansicolor","43370"
"slack","46853"
"rebuild","47148"
"pipeline-utility-steps","48485"
"jaxb","49127"
"localization-support","50703"
"sonar","50713"
"ssh","52549"
"copyartifact","52717"
"localization-zh-cn","53145"
"nodejs","54594"
"gitlab-plugin","54599"
"git-parameter","54814"
"blueocean-jira","57310"
"ssh-agent","59411"
"icon-shim","59741"
"envinject-api","63657"
"blueocean","64951"
"blueocean-bitbucket-pipeline","67690"
"envinject","67757"
"blueocean-events","67827"
"blueocean-pipeline-editor","68061"
"jira","68450"
"blueocean-autofavorite","68483"
"blueocean-config","68746"
"blueocean-display-url","68813"
"blueocean-personalization","68862"
"blueocean-i18n","69099"
"blueocean-github-pipeline","69450"
"blueocean-git-pipeline","70102"
"blueocean-dashboard","70440"
"publish-over-ssh","71606"
"sse-gateway","72339"
"blueocean-pipeline-api-impl","72725"
"blueocean-rest-impl","73619"
"publish-over","73654"
"blueocean-core-js","74022"
"blueocean-pipeline-scm-api","74064"
"blueocean-jwt","74619"
"blueocean-web","74778"
"cloudbees-bitbucket-branch-source","75988"
"jenkins-design-language","76010"
"blueocean-rest","77662"
"role-strategy","77878"
"blueocean-commons","77971"
"pubsub-light","77987"
"favorite","78375"
"jjwt-api","79316"
"mercurial","80417"
"handy-uri-templates-2-api","81674"
"parameterized-trigger","89906"
"conditional-buildstep","94299"
"variant","102950"
"run-condition","103359"
"htmlpublisher","106576"
"config-file-provider","106829"
"jquery","122803"
"pipeline-model-declarative-agent","131604"
"external-monitor-job","142463"
"checks-api","142539"
"bootstrap4-api","156894"
"font-awesome-api","157058"
"popper-api","157252"
"okhttp-api","160932"
"windows-slaves","167204"
"echarts-api","167476"
"jquery3-api","168805"
"plugin-util-api","169178"
"subversion","170208"
"maven-plugin","170355"
"mapdb-api","173512"
"docker-workflow","178285"
"snakeyaml-api","183613"
"docker-commons","187378"
"javadoc","189816"
"authentication-tokens","196740"
"jquery-detached","199949"
"pipeline-github-lib","213668"
"gradle","223447"
"build-timeout","232159"
"lockable-resources","236615"
"github-branch-source","241841"
"ws-cleanup","242157"
"timestamper","243915"
"resource-disposer","244065"
"email-ext","246250"
"github","249171"
"trilead-api","251073"
"github-api","252625"
"workflow-aggregator","254577"
"pipeline-model-definition","260337"
"ssh-slaves","261950"
"ant","262244"
"pipeline-model-extensions","262861"
"pipeline-stage-view","262945"
"pipeline-rest-api","263702"
"pipeline-model-api","265597"
"pipeline-stage-tags-metadata","265991"
"pipeline-milestone-step","266245"
"handlebars","266374"
"momentjs","266404"
"pipeline-graph-analysis","266657"
"workflow-cps-global-lib","267193"
"pam-auth","268027"
"pipeline-build-step","268357"
"ldap","268638"
"workflow-multibranch","268910"
"pipeline-input-step","269456"
"pipeline-stage-step","270113"
"workflow-basic-steps","271272"
"git-server","271476"
"credentials-binding","273192"
"branch-api","273370"
"workflow-durable-task-step","275612"
"workflow-cps","275766"
"ace-editor","277278"
"durable-task","277985"
"jackson2-api","279074"
"antisamy-markup-formatter","279418"
"cloudbees-folder","279434"
"plain-credentials","281850"
"workflow-job","282248"
"jdk-tool","283303"
"jsch","283844"
"matrix-auth","284146"
"apache-httpcomponents-client-4-api","284400"
"git","284668"
"workflow-support","285076"
"command-launcher","285839"
"token-macro","287131"
"git-client","288344"
"bouncycastle-api","290444"
"workflow-scm-step","290718"
"workflow-api","291651"
"display-url-api","292364"
"matrix-project","293279"
"workflow-step-api","294644"
"junit","294947"
"structs","295499"
"scm-api","296473"
"ssh-credentials","296982"
"script-security","298102"
"credentials","298115"
"mailer","298206"
