"drools","1"
"zaproxy-jenkins","1"
"mogotest","1"
"pathignore-plugin","1"
"microdocs-integration","1"
"sge-cloud-plugin","1"
"postgresql-fingerprint-storage","1"
"statuspage-gating","1"
"dlisting-cov","1"
"testodyssey-execution","1"
"zubhium","1"
"help-editor","1"
"sample","1"
"PerfPublisher","1"
"build-executors-filter-offline","1"
"script-realm-extended","1"
"vagrant-plugin","1"
"yaml-project","1"
"skytap-cloud-plugin","1"
"tepco-epuw","1"
"cloudbees-registration","2"
"hckrnews","2"
"weibo4jenkins","2"
"buddycloud","2"
"fedora-module-build-system","2"
"hetzner-cloud","2"
"vessel","2"
"portshift-scanner","2"
"castecho","2"
"bart","2"
"perfectomobile-jenkins","2"
"convertigo-mobile-platform","2"
"leapwork","2"
"gprbuild","2"
"frugal-testing","2"
"blitz_io-jenkins","2"
"cloudevents","2"
"essentials","2"
"carl","2"
"opslevel","2"
"radargun","2"
"simplify-qa-connector","2"
"ironmq-notifier","2"
"autonomiq","2"
"leanix-microservice-intelligence","2"
"buildheroes","2"
"reviewboard","3"
"bees-sdk-plugin","3"
"vrealize-automation-8","3"
"first-plugin","3"
"beagle-security","3"
"apprenda","3"
"valid-network","3"
"release-multi-test","3"
"humio","3"
"datadog-build-reporter","3"
"kato","3"
"idobata-notifier","3"
"cloudguard-shiftleft","3"
"byteguard-build-actions","3"
"curseforge-publisher","3"
"user1st-utester","3"
"applatix","3"
"icedq","3"
"waptpro","3"
"description-column","3"
"scm-branch-pr-filter","3"
"radargun-reporting","3"
"visualexpert","3"
"snowglobe","3"
"kryptowire","3"
"DotCiInstallPackages","3"
"teststudiomobiletesting","3"
"non-dynamic-hello-world","3"
"TestResultsAnalyzer","4"
"in-toto","4"
"nis-notification-lamp","4"
"oak9","4"
"incapptic-connect-uploader","4"
"nouvola-divecloud","4"
"xframium","4"
"upload-artifacts-to-nexus","4"
"wsap","4"
"wwpass-plugin","4"
"testein","4"
"pureload","4"
"uleska","4"
"rusalad-plugin","4"
"breachlock-dast","4"
"liverebel-deploy","4"
"thycotic-vault","4"
"telerik-appbuilder-plugin","4"
"aws-kinesis-consumer","4"
"nabaztag","4"
"jenkins-infra-test","5"
"sladiator-notifier","5"
"ikachan","5"
"event-announcer","5"
"hello-world","5"
"rpi-build-status","5"
"venafi-vcert","5"
"sensedia-api-platform","5"
"DotCi-Plugins-Starter-Pack","5"
"workflow-stm","5"
"openscada-jenkins-exporter","5"
"visualworks-store","5"
"ascentialtest-cmd-line","5"
"wattspeed","5"
"node-sharing-orchestrator","5"
"tuxdroid","5"
"loadium","5"
"security-no-captcha","6"
"vdoo-vision","6"
"asakusa-satellite-plugin","6"
"icq-notification","6"
"flexteam","6"
"oversecured","6"
"habitat","6"
"swamp","6"
"sideex","6"
"AntepediaReporter-CI-plugin","6"
"arestocats","6"
"teamscale-upload","6"
"redhat-codeready-dependency-analysis","6"
"netdomain-labeler","6"
"buildcoin-plugin","7"
"notifo","7"
"testinium","7"
"eiffel-broadcaster","7"
"spoonscript","7"
"themis","7"
"xpdev","7"
"sdelements","7"
"usemango-runner","7"
"discobit-autoconfig","8"
"warrior","8"
"ColumnPack-plugin","8"
"sms-notification","8"
"campfire","8"
"vertx","8"
"smilehubnotifier","8"
"loadrunner","8"
"darcs","8"
"chaos-monkey","8"
"literate","8"
"headspin","8"
"alauda-devops-sync","8"
"elastest","8"
"build-requester","8"
"hudson-startup-trigger","8"
"delta-cloud","8"
"smalltest","8"
"jbehave-hudson-plugin","8"
"cloudhub-deployer","8"
"icon-shim-plugin","8"
"loadcomplete","8"
"jianliao","9"
"accelq-ci-connect","9"
"compuware-strobe-measurement","9"
"appthwack","9"
"neuro-cucumber","9"
"eagle-tester","9"
"smart-jenkins","9"
"devstack","9"
"xltest-plugin","9"
"exam","9"
"lsf-cloud","10"
"cloudbees-deployer-plugin","10"
"lotus-connections-plugin","10"
"jmeter","10"
"GatekeeperPlugin","10"
"deadmanssnitch","10"
"csp","10"
"graphql-server","10"
"smartfrog-plugin","10"
"testweaver","10"
"jenkinspider","10"
"cachet-gating","10"
"embotics-vcommander","10"
"jenkins-leiningen","10"
"amqp-build-trigger","10"
"zohosprints","10"
"hipchat-plugin","11"
"compuware-zadviser-api","11"
"onesky","11"
"foreman-node-sharing","11"
"xcp-ci","11"
"typetalk","11"
"sematext","11"
"hall-jenkins","12"
"rally-update-plugin-1","12"
"googlecode","12"
"cifs","12"
"ca-mat-performance-benchmarking-by-broadcom","12"
"loadfocus-loadtest","12"
"boot-clj","12"
"huaweicloud-ecs","12"
"refit","12"
"gcr-scanner","12"
"carbonetes-serverless-container-scanning-and-policy-compliance","12"
"logentries","12"
"split-admin","12"
"remoting-opentelemetry","12"
"aio-tests","12"
"teststudioapitesting","12"
"codeclimate-plugin","12"
"nuclei","12"
"dockerhub","13"
"cons3rt","13"
"walti","13"
"sweagle","13"
"forticwp-cicd","13"
"jdcloud-codedeploy","13"
"r7insight-log-forwarder","13"
"nerrvana-plugin","13"
"cloudcoreo-deploytime","13"
"thycotic-devops-secrets-vault","13"
"jenkins-tracker","13"
"inedo-buildmaster","13"
"oslc-cm","13"
"elOyente","14"
"heroku-jenkins-plugin","14"
"SBuild","14"
"vaddy-plugin","14"
"reqtify","14"
"application-director-plugin","14"
"suite-test-groups-publisher","14"
"bigpanda-jenkins","14"
"viber-notification","14"
"ibm-continuous-release","14"
"HiddenParameter","14"
"yandex-metrica","14"
"deveo","14"
"create-fingerprint-plugin","14"
"binary-deployer","14"
"sahagin","14"
"sofy-ai","14"
"rtc","15"
"javanet","15"
"ci-with-toad-edge","15"
"caliper-ci","15"
"alibabacloud-edas","15"
"tinfoil-scan","15"
"transifex","15"
"skenai","15"
"loadninja","15"
"build-health-cache-updater","15"
"catalogic-ecx","15"
"dagshub-branch-source","15"
"nodeofflinenotification","16"
"DotCi-Fig-template","16"
"writable-filesystem-monitor","16"
"couchdb-statistics","16"
"itest","16"
"karaf-build-step","16"
"jnr-posix-api","16"
"collabnet-uc4-deploy","16"
"ssh2easy-plugin","17"
"ApicaLoadtest","17"
"codeql","17"
"tekton-client","17"
"defensics","17"
"testsigma","17"
"stackhammer","17"
"cerberus-testing","17"
"jenkinswalldisplay-pom","18"
"beaker-builder","18"
"srcclr-installer","18"
"abap-ci","18"
"sasunit-plugin","18"
"url-filter","18"
"jprt","18"
"worktile","18"
"apifortress","18"
"cavisson-ns-nd-integration","18"
"gating-core","18"
"datical-db-plugin","19"
"weibo","19"
"openedge","19"
"jbpm-embedded-plugin","19"
"cmvc","19"
"osf-builder-suite-for-sfcc-run-job","19"
"itms-for-jira","19"
"build-configurator","20"
"copr","20"
"bitkeeper","20"
"pipeline-editor","20"
"comments-remover","20"
"experitest-cloud","20"
"chaos-butler","20"
"otabuilder","20"
"oracle-cloud-infrastructure-compute-classic","20"
"tcl","21"
"speaks","21"
"flexdeploy","21"
"cas1","21"
"stackify-deployment-recorder","21"
"cloudify","21"
"blackduck-installer","21"
"servicenow-devops","21"
"argus-notifier","21"
"klaros-testmanagement","21"
"validating-yaml-parameter","21"
"jna-posix-api","21"
"jsgames","22"
"CFLint","22"
"teststudio","22"
"poll-mailbox-trigger","23"
"qualityclouds","23"
"reactor-plugin","23"
"depbuilder","23"
"updatebot","23"
"metrics-ganglia","23"
"policycenter-gate-validator","23"
"wso2id-oauth","23"
"meliora-testlab","23"
"icescrum","23"
"girls","24"
"gitorious","24"
"blink1","24"
"cloudbees-disk-usage-simple-plugin","24"
"ease-plugin","24"
"qrebel","24"
"wallarm-fast","24"
"extensivetesting","24"
"monkit-plugin","25"
"cloudbees-enterprise-plugins","25"
"schedule-build-plugin","25"
"packagecloud","25"
"failedJobDeactivator","25"
"conventional-commits","25"
"simple-pull-request-job","25"
"deepsecurity-smartcheck","25"
"hugo","25"
"hudson-logaction-plugin","25"
"uithemes","26"
"javanet-uploader","26"
"random-job-builder","26"
"parallels-desktop","26"
"qualys-pc","26"
"openstack-heat","26"
"venafi-codesigning","26"
"mixing-security-realm","27"
"perfecto","27"
"DotCi-InstallPackages","27"
"absint-a3","27"
"results-cache","27"
"xltestview-plugin","27"
"tuleap-oauth","27"
"sealights","28"
"absint-astree","28"
"updraft-publisher","28"
"jenkins-testswarm-plugin","29"
"people-redirector","29"
"thycotic-secret-server","29"
"ca-apm","29"
"generic-environment-filters","29"
"link-column","29"
"hadoop","30"
"japex","30"
"alibabacloud-ecs","30"
"webload","30"
"dotcommonitor-loadview","30"
"collabnet-automic-deploy","30"
"testflo-for-jira-test-management-automation","30"
"codescan","31"
"loaderio-jenkins-plugin","31"
"hpe-network-virtualization","31"
"inflectra-spira-integration","31"
"paranoia","31"
"autograding","32"
"alauda-pipeline","32"
"fast-track","32"
"machine-learning","32"
"koji","33"
"jenkins-tag-cloud-plugin","33"
"fogbugz","33"
"job-strongauth-simple","33"
"jabber-server-plugin","33"
"huaweicloud-credentials","33"
"imagecomparison","33"
"silk-performer-plugin","33"
"packageversion","33"
"datatheorem-mobile-app-security","34"
"overops-query","34"
"helix-teamhub","34"
"misra-compliance-report-generator","34"
"sonatype-ci","35"
"tibco-builder","35"
"wavefront","35"
"mock-load-builder","35"
"compuware-ispw-operations","35"
"alauda-devops-credentials-provider","35"
"cppunit","36"
"stoplightio-report","36"
"teams-webhook-trigger","36"
"alauda-devops-pipeline","36"
"tics","36"
"rb","36"
"humbug","37"
"icn-plugin-loader","37"
"kubesphere-token-auth","37"
"azure-slave-plugin","37"
"delphix","37"
"config-rotator","38"
"editable-choice","38"
"websocketin-notification","38"
"stackrox-container-image-scanner","38"
"piketec-tpt","38"
"mdt-deployment","38"
"send-stacktrace-to-eclipse-plugin","38"
"adaptive-disconnector","39"
"housekeeper","39"
"tag-profiler","39"
"nopmdverifytrac","39"
"ws-execution-manager","39"
"tanaguru","39"
"url-change-trigger","40"
"concurrent-login-plugin","40"
"unreliable-slave-plugin","40"
"osf-builder-suite-xml-linter","40"
"codescene","40"
"daily-quote","40"
"compuware-xpediter-code-coverage","41"
"testopia","41"
"clif-performance-testing","41"
"package-drone","41"
"attention","42"
"rigor-optimization","42"
"tattletale-plugin","43"
"harvest","43"
"compuware-topaz-for-total-test","43"
"adobe-cloud-manager","43"
"perl-smoke-test","44"
"deployhub","44"
"redis-fingerprint-storage","44"
"osf-builder-suite-for-sfcc-data-import","45"
"blueocean-analytics-tools","45"
"cortex-metrics","45"
"azure-event-grid-notifier","45"
"vboxwrapper","46"
"compuware-scm-downloader","46"
"octoperf","46"
"screenrecorder","46"
"pipeline-cloudwatch-logs","46"
"continuum","46"
"oracle-cloud-infrastructure-devops","46"
"threadfix","46"
"scm-filter-jervis","46"
"assembla","46"
"vault-scm-plugin","47"
"external-scheduler","47"
"aqua-serverless","47"
"compuware-topaz-utilities","47"
"ibm-cloud-devops","47"
"skytap","47"
"anka-build","47"
"42crunch-security-audit","47"
"azure-iot-edge","47"
"dotcoverrunner","47"
"secret","48"
"drupal-developer","48"
"vmware-vrealize-codestream","48"
"elasticbox","48"
"flock","48"
"codebeamer-coverage-publisher","49"
"relution-publisher","49"
"partyparrotstatus","49"
"ontrack","49"
"sinatra-chef-builder","50"
"jsoup","50"
"metrics-aggregation","50"
"app-detector","50"
"debian-pbuilder","50"
"rallyBuild","51"
"zaproxy","52"
"codebeamer-result-trend-updater","52"
"quayio-trigger","52"
"probely-security","52"
"neuvector-vulnerability-scanner","52"
"squashtm-publisher","53"
"xlrelease-var-setter","53"
"acunetix-360-scan","53"
"environment-filter-utils","53"
"copyarchiver","54"
"script-scm","54"
"pry","54"
"nutanix-calm","54"
"rrod","55"
"cloudshell-sandbox","55"
"plasticscm-mergebot","55"
"SCTMExecutor","56"
"externalresource-dispatcher","56"
"ColumnsPlugin","56"
"zanata","56"
"qiniu","56"
"nopmdcheck","56"
"testdroid-run-in-cloud","57"
"yammer","57"
"signal-killer","57"
"pragprog","57"
"drecycler","57"
"url-auth","58"
"thread-dump-action-plugin","58"
"eclipse-update-site","58"
"extension-filter","58"
"crittercism-dsym","58"
"views-containing-job","58"
"nodepool-agents","58"
"AdaptivePlugin","59"
"jbpm-workflow-plugin","59"
"ipmessenger-plugin","59"
"hyper-slaves","59"
"qualys-api-security","59"
"bmc-rpd","59"
"hp-operations-orchestration-automation-execution-plugin","60"
"sametime","60"
"twitter","60"
"ifttt-build-notifier","60"
"arachni-scanner","60"
"eggplant-plugin","61"
"rubymotion","61"
"requests","61"
"copado","61"
"redis-notifier","61"
"mabl-integration","63"
"alibabacloud-credentials","63"
"environment-manager","63"
"flashlog-plugin","64"
"pvcs_scm","65"
"gem-publisher","65"
"autocancel","65"
"console-navigation","65"
"benchmark-evaluator","65"
"restricted-register","65"
"simpleupdatesite","66"
"vmware-vrealize-orchestrator","66"
"urbancode-velocity","66"
"instana","66"
"workplace-notifier","67"
"ci-with-toad-devops-toolkit","67"
"rhnpush-plugin","68"
"TwilioNotifier","68"
"remoting-kafka","68"
"testquality-updater","68"
"loadimpact-plugin","68"
"manage-permission","68"
"diawi-upload","69"
"spring-config","69"
"scm-httpclient","70"
"unicorn","71"
"labmanager","71"
"ibm-application-security","71"
"ghost-inspector","71"
"autoaction-step","71"
"nirmata","71"
"logback-nats-appender","71"
"issue-link","72"
"rad-builder","73"
"qmetry-test-management","73"
"extreme-feedback","74"
"xpath-config-viewer","74"
"alauda-kubernetes-support","74"
"phabricator-k8s","74"
"locked-files-report","75"
"appio","76"
"kmap-jenkins","76"
"aws-beanstalk-releaser","76"
"agent-loadbalance","76"
"concordionpresenter","77"
"jslint-checkstyle","77"
"jcaptcha-plugin","77"
"tuleap-api","77"
"deploygate-plugin","78"
"dimensionsscm","78"
"clearcase-release","79"
"diagnostics","79"
"google-analytics-usage-reporter","79"
"browser-axis-plugin","80"
"rapiddeploy-jenkins","80"
"view26","80"
"youtrack-plugin","81"
"recipe","81"
"hyper-build-step","81"
"exclusive-label-plugin","83"
"azure-dev-spaces","83"
"codebeamer-xunit-uploader","83"
"dbforge-devops-automation-for-sqlserver","83"
"async-job","84"
"nowsecure-auto-security-test","84"
"jwt-support","84"
"m2-extra-steps","85"
"inodes-monitor","85"
"salesforce-migration-assistant-plugin","85"
"assembla-auth","85"
"pipeline-huaweicloud-plugin","85"
"jucies","85"
"pipeline-giphy-api","85"
"hue-light","85"
"secure-post-script","86"
"mdtool","87"
"implied-labels","87"
"keep-slave-disconnected","87"
"synergy","88"
"bazaar","88"
"vmanager-plugin","88"
"compuware-common-configuration","88"
"kanboard","88"
"mktmpio","88"
"osf-builder-suite-for-sfcc-deploy","88"
"trac-publisher-plugin","89"
"computer-queue-plugin","89"
"gallio","89"
"qualys-vm","89"
"testcafe","89"
"inedo-proget","89"
"buckminster","90"
"tuleap-git-branch-source","90"
"netsparker-cloud-scan","90"
"log-cli","91"
"describe-with-params","91"
"rqm-plugin","92"
"vmware-vrealize-automation-plugin","92"
"loadfocus-jmeter-load-testing-integration","93"
"mathworks-polyspace","93"
"osf-builder-suite-for-sfcc-credentials","93"
"ibm-security-appscansource-scanner","94"
"growl","95"
"search-all-results-plugin","95"
"myst-plugin","95"
"deployment-sphere","96"
"starteam","97"
"cron-shelve","97"
"opentelemetry","97"
"sra-deploy","98"
"synopsys-polaris","99"
"figlet-buildstep","99"
"google-cloud-health-check","99"
"chatter-notifier","100"
"build-node-column","100"
"maintenance-jobs-scheduler","100"
"deploydb","100"
"schedule-failed-builds","101"
"singleuseslave","101"
"sysdig-secure","101"
"mentor-questa-vrm","102"
"environment-variable-page-decoration","102"
"zmq-event-publisher","102"
"associated-files","102"
"utplsql","102"
"distTest","103"
"artifact-repository-parameter","103"
"jenkinsci-appspider-plugin","103"
"leiningen-plugin","103"
"github-app-kubernetes-credentials","105"
"itms-junit-report-publisher","105"
"appetize","105"
"clearcase-ucm-baseline","106"
"minio-storage","106"
"codebeamer-xunit-importer","106"
"SSSCM","107"
"bearychat","108"
"perfectomobile","108"
"bds-plugin","108"
"testabilityexplorer","110"
"piwikanalytics","110"
"llvm-cov","110"
"ca-service-virtualization","110"
"assertthat-bdd-jira","110"
"device-watcher","111"
"jx-resources","111"
"cisco-spark","112"
"visual-basic-6","112"
"cloudbees-enabler","112"
"codedx","112"
"azure-batch-parallel","114"
"dbCharts","115"
"persistent-build-queue-plugin","115"
"codefresh","115"
"working-hours","116"
"codescanner","117"
"bumblebee","117"
"google-git-notes-publisher","117"
"node-sharing-executor","117"
"build-line","118"
"chef-tracking","118"
"benchmark","118"
"one-shot-executor","118"
"simpleclearcase","119"
"btc-embeddedplatform","119"
"google-admin-sdk","119"
"emotional-hudson","120"
"cygwin-process-killer","123"
"Surround-SCM-plugin","123"
"assembla-merge-request-builder","123"
"cvs-tag","124"
"crowd","124"
"runscope","124"
"chef-cookbook-pipeline","125"
"mqtt-notification-plugin","125"
"logaction-plugin","127"
"scm-manager","128"
"pipeline-keepenv-step","128"
"jms-messaging","129"
"database-h2","130"
"database-drizzle","130"
"tricentis-ci","130"
"datetime-constraint","132"
"composer-security-checker","132"
"minio","133"
"macstadium-orka","133"
"gcm-notification","134"
"jmh-report","135"
"applitools-eyes","135"
"dumpinfo-buildwrapper-plugin","136"
"pipeline-keep-running-step","136"
"mongodb-document-upload","137"
"chrome-frame-plugin","137"
"simple-travis-runner","137"
"memegen","138"
"cloudbees-plugin-gateway","138"
"ui-test-capture","138"
"lucene-search","138"
"oki-docki","138"
"aws-batch","138"
"gcp-secrets-manager-credentials-provider","138"
"junit-sql-storage","138"
"googleanalytics","139"
"kiuwanJenkinsPlugin","139"
"drmemory-plugin","140"
"vss","140"
"ecutest","140"
"clearcase-ucm-api","140"
"testflight","141"
"performance-signature-dynatrace","141"
"pangolin-testrail-connector","142"
"micro-focus-performance-center-integration","142"
"agent-server-parameter","143"
"windows-cloud","143"
"conjur-simple-integration","143"
"puppet-enterprise-pipeline","144"
"bitbucket-kubernetes-credentials","145"
"qualys-cs","145"
"zulip","145"
"kafkalogs","146"
"buildcontext-capture","147"
"gnat","148"
"pull-request-monitoring","148"
"cluster-stats","151"
"monitor-remote-job","151"
"multi-branch-priority-sorter","151"
"performance-signature-dynatracesaas","152"
"acunetix","152"
"scripted-cloud-plugin","152"
"fortify360","153"
"android-apk-size-watcher","153"
"rapid7-insightvm-container-assessment","153"
"appaloosa-plugin","154"
"ibm-security-appscanstandard-scanner","154"
"emmacoveragecolumn","155"
"ftp-rename","155"
"muuri-api","155"
"aws-yum-parameter","156"
"servicenow-cicd","156"
"gitcolony-plugin","158"
"mock-security-realm","158"
"DotCi-DockerPublish","158"
"qmetry-for-jira-test-management","158"
"doktor","158"
"behave-testresults-publisher","158"
"genexus","158"
"clamav","159"
"rest-list-parameter","159"
"storable-configs-plugin","160"
"open-stf","160"
"rally-plugin","161"
"no-agent-job-purge","162"
"fortify-cloudscan-jenkins-plugin","162"
"redmine-metrics-report","162"
"play-autotest-plugin","163"
"chosen","166"
"TestFairy","166"
"electricflow","166"
"groovyaxis","167"
"elasticsearch-query","167"
"zoom","167"
"custom-folder-icon","168"
"ecs-publisher","169"
"setenv","171"
"rabbitmq-publisher","171"
"chosen-views-tabbar","172"
"build-flow-toolbox-plugin","174"
"pom2config","174"
"proxmox","176"
"influxdb-query","176"
"spring-initalzr","176"
"qualys-was","177"
"google-api-client-plugin","179"
"strawboss","179"
"osf-builder-suite-standalone-sonar-linter","179"
"deploy-dashboard","179"
"scala-junit-name-decoder","180"
"pipeline-classpath","180"
"protecode-sc","180"
"markdown-formatter","180"
"beer","182"
"performance-signature-viewer","182"
"ec2-cloud-axis","183"
"semantic-versioning-plugin","184"
"hyper-commons","184"
"chroot","184"
"cloudbees-devoptics-enabler","185"
"jgiven","187"
"testingbot","188"
"veracode-scanner","188"
"github-label-filter","188"
"scm-sqs","189"
"lifx-notifier","189"
"mailmap-resolver","190"
"xtrigger","190"
"qftest","191"
"scis-ad","192"
"puppet","193"
"form-element-path","193"
"r","194"
"vectorcast-execution","197"
"lambda-test-runner","198"
"CustomHistory","199"
"jswidgets","199"
"jshint-checkstyle","199"
"escaped-markup-plugin","199"
"proc-cleaner-plugin","199"
"zos-connector","199"
"excludeMatrixParent","201"
"keepSlaveOffline","201"
"simple-queue","201"
"tool-labels-plugin","202"
"cloudshare-docker","203"
"labeled-test-groups-publisher","206"
"nsiqcollector","210"
"php-builtin-web-server","210"
"kotlin-v1-stdlib-jdk8","211"
"mttr","211"
"monitor-pro","211"
"service-fabric","212"
"spotinst","212"
"perl","213"
"azure-publishersettings-credentials","213"
"vectorcast-coverage","213"
"cloudtest","214"
"jobdelete-builder","215"
"testproject","215"
"fluentd","217"
"offlineonfailure-plugin","218"
"dtkit","218"
"insightappsec","218"
"feature-branch-notifier","219"
"rpmsign-plugin","220"
"collabnet","221"
"list-command","223"
"mantis","223"
"pending-changes","223"
"jackson-databind","223"
"reportportal","224"
"ezwall","225"
"debian-package-builder","225"
"platformlabeler","225"
"qc","226"
"jigomerge","226"
"sidebar-update-notification","226"
"dumpling","227"
"lambdatest-automation","227"
"gitblit","227"
"internetmeme","228"
"build-flow-extensions-plugin","229"
"webhook-eventsource","229"
"consul","229"
"dynatrace-dashboard","229"
"html-audio-notifier","230"
"scons","233"
"livescreenshot","235"
"ivy-report","235"
"bugzilla","236"
"advanced-installer-msi-builder","237"
"block-same-builds","237"
"aqua-microscanner","237"
"gradle-daemon","237"
"neoload-jenkins-plugin","239"
"clearcase-ucm-plugin","239"
"aws-lambda-cloud","239"
"suppress-stack-trace","240"
"slave-squatter","240"
"concurrent-step","240"
"opencover","240"
"xlrelease-plugin","240"
"windocks-start-container","241"
"ios-device-connector","242"
"bitbucket-pullrequests-filter","243"
"gerrit","244"
"google-deployment-manager","244"
"installshield","244"
"teamconcert-git","245"
"s3explorer","247"
"block-build-final-project","248"
"vncrecorder","249"
"additional-identities-plugin","250"
"brakeman","250"
"mock-slave","250"
"crossbrowsertesting","251"
"clang-scanbuild-plugin","251"
"jobrequeue","251"
"travis-yml","251"
"contrast-continuous-application-security","251"
"lighthouse-report","251"
"coordinator","252"
"zephyr-enterprise-test-management","253"
"git-bisect","253"
"integrity-plugin","254"
"periodic-reincarnation","255"
"uipath-automation-package","255"
"dependency-queue-plugin","257"
"global-pre-script","257"
"accurev","258"
"hp-quality-center","258"
"DotCi","258"
"autocomplete-parameter","258"
"redgate-sql-ci","264"
"select2-api","264"
"config-driven-pipeline","264"
"prisma-cloud-iac-scan","269"
"conjur-credentials","269"
"pitmutation","270"
"marathon","271"
"aws-cloudwatch-logs-publisher","272"
"crx-content-package-deployer","274"
"azure-vmss","274"
"multibranch-job-tear-down","274"
"environment-labels-setter","276"
"gcal","278"
"jobtemplates","278"
"selection-tasks-plugin","279"
"consul-kv-builder","279"
"appscan","279"
"numeraljs","280"
"matlab","282"
"codebuilder-cloud","284"
"custom-build-properties","284"
"persona","285"
"rabbitmq-build-trigger","285"
"mysql-job-databases","285"
"coding-webhook","285"
"azure-credentials-ext","286"
"extended-security-settings","287"
"deployer-framework","289"
"pipeline-bamboo","289"
"fabric-beta-publisher","290"
"prqa-plugin","291"
"digitalocean-plugin","291"
"was-builder","292"
"plasticscm-plugin","292"
"blackduck-hub","293"
"outbound-webhook","293"
"package-parameter","294"
"polarion","295"
"codecover","296"
"github-branch-pr-change-filter","296"
"compatibility-action-storage","297"
"sumologic-publisher","297"
"wix","298"
"label-verifier","298"
"pretested-integration","298"
"mongodb","299"
"violation-columns","300"
"buildrotator","300"
"parameter-pool","302"
"mac","303"
"upstream-downstream-view","304"
"database-sqlite","307"
"regression-report-plugin","309"
"cpptest","312"
"graphiteIntegrator","313"
"mq-notifier","313"
"testcomplete11-xunit","313"
"validating-email-parameter","317"
"fireline","319"
"NegotiateSSO","319"
"yaml-axis","320"
"cisco-spark-notifier","320"
"script-realm","321"
"cli-commander","322"
"sms","324"
"lastfailureversioncolumn","324"
"metrics-datadog","324"
"kubernetes-ci","325"
"memory-map","326"
"git-push","326"
"compound-slaves","327"
"log-command","329"
"pipeline-graph-view","329"
"github-scm-filter-aged-refs","335"
"artifact-diff-plugin","336"
"openshift-deployer","336"
"pathignore","337"
"performance-signature-ui","337"
"security-inspector","337"
"slave-proxy","340"
"keyboard-shortcuts-plugin","342"
"git-automerger","345"
"sourcemonitor","346"
"nomad","346"
"trac","347"
"javatest-report","348"
"libvirt-slave","349"
"pipeline-as-yaml","349"
"websocket","356"
"log-file-filter","357"
"network-monitor","358"
"oracle-cloud-infrastructure-compute","360"
"ws-ws-replacement","362"
"zephyr-for-jira-test-management","365"
"remote-jobs-view-plugin","367"
"msginject","368"
"multiselect-parameter","369"
"skype-notifier","374"
"team-views","379"
"bootstrap","379"
"zap-pipeline","379"
"short-workspace-path","381"
"google-cloudbuild","381"
"dos-trigger","385"
"jobtype-column","387"
"ui-samples-plugin","388"
"aws-sam","389"
"mailcommander","390"
"jenkins-reviewbot","390"
"google-cloud-backup","390"
"selenium-aes","395"
"ranorex-integration","396"
"queue-cleanup","397"
"liquibase-runner","397"
"build-alias-setter","400"
"audit-log","401"
"cloudbees-jenkins-advisor","403"
"github-scm-filter-jira-validator","404"
"jython","405"
"variables-replace-plugin","405"
"ci-skip","410"
"delete-log-plugin","411"
"cccc","411"
"azure-artifact-manager","411"
"build-discarder","412"
"linenumbers","414"
"chef-identity","415"
"aws-sqs","415"
"post-completed-build-result","417"
"lastsuccessversioncolumn","418"
"audit2db","419"
"lenientshutdown","421"
"backlog","426"
"url-auth-sso","426"
"build-steps-from-json","430"
"selenium-axis","430"
"chef","431"
"opsgenie","434"
"avatar","435"
"jsunit","436"
"sicci_for_xcode","437"
"postgresql-api","437"
"jboss","438"
"ircbot","438"
"gatling-check","438"
"thucydides","441"
"pipeline-gitstatuswrapper","442"
"Matrix-sorter-plugin","444"
"github-coverage-reporter","444"
"slave-prerequisites","445"
"serenity","447"
"deployed-on-column","448"
"publish-over-dropbox","450"
"github-sqs-plugin","451"
"aws-codecommit-trigger","451"
"azure-function","452"
"view-cloner","455"
"metadata","457"
"hubot-steps","458"
"chatwork","459"
"job-fan-in","460"
"syslog-logger","460"
"extra-tool-installers","461"
"hsts-filter-plugin","464"
"appdynamics-dashboard","465"
"tm4j-automation","465"
"dry-run","467"
"unique-id","467"
"countjobs-viewstabbar","468"
"groovy-events-listener-plugin","469"
"codecommit-url-helper","469"
"redeploy-rancher2-workload","469"
"flow","470"
"service-now","473"
"xfpanel","476"
"secure-requester-whitelist","476"
"miniorange-saml-sp","476"
"cppncss","479"
"svncompat13","479"
"vagrant","480"
"BlazeMeterJenkinsPlugin","482"
"jobrevision","485"
"pwauth","485"
"kubernetes-pipeline-aggregator","486"
"project-health-report","487"
"kubernetes-pipeline-arquillian-steps","489"
"stepcounter","490"
"pipeline-deploymon","490"
"jx-pipelines","495"
"metrics-graphite","496"
"mysql-api","496"
"dotnet-as-script","497"
"viewVC","498"
"gearman-plugin","498"
"archived-artifact-url-viewer","498"
"aws-secrets-manager-secret-source","500"
"additional-metrics","502"
"gitflow","506"
"favorite-view","516"
"bitbucket-approval-filter","517"
"grails","520"
"virtualbox","524"
"distfork","527"
"customize-build-now","527"
"customized-build-message","530"
"vncviewer","532"
"snsnotify","533"
"job-log-logger-plugin","534"
"aliyun-oss-uploader","536"
"custom-checkbox-parameter","537"
"aws-device-farm","538"
"jenkinslint","539"
"php","540"
"sounds","542"
"notify-events","542"
"seed","543"
"bitbucket-scm-filter-aged-refs","546"
"javancss","549"
"git-prebuildmerge-trait","549"
"parasoft-findings","553"
"git-notes","557"
"scm2job","558"
"build-history-manager","558"
"labelled-steps","558"
"phoenix-autotest","558"
"uptime","560"
"git-userContent","563"
"commit-message-trigger-plugin","566"
"skip-notifications-trait","569"
"deployit-plugin","571"
"clang-scanbuild","571"
"jslint","572"
"fortify-on-demand-uploader","575"
"accelerated-build-now-plugin","578"
"azure-container-registry-tasks","580"
"aws-codecommit-jobs","589"
"deployment-notification","597"
"aqua-security-scanner","597"
"logging","599"
"dynamic-search-view","600"
"gcloud-sdk","611"
"seleniumrc-plugin","613"
"cctray-xml","613"
"console-badge","616"
"hockeyapp","624"
"pipeline-restful-api","624"
"remote-terminal-access","625"
"display-upstream-changes","626"
"URLSCM","629"
"whitesource","629"
"soapui-pro-functional-testing","630"
"newrelic-deployment-notifier","631"
"ivytrigger","632"
"bitbucket-scm-filter-jira-validator","633"
"selected-tests-executor","636"
"wildfly-deployer","637"
"matrixtieparent","640"
"azure-container-agents","641"
"job-poll-action-plugin","642"
"template-workflows","642"
"cocoapods-integration","647"
"capitomcat","651"
"AnchorChain","655"
"console-tail","659"
"bitbucket-filter-project-trait","667"
"pipeline-global-lib-nexus","669"
"testcomplete-xunit","671"
"jenkins-flowdock-plugin","672"
"backup-interrupt-plugin","673"
"diskcheck","673"
"scripttrigger","674"
"started-by-envvar","678"
"cygpath","683"
"percentage-du-node-column","691"
"scoverage","701"
"selenium-builder","701"
"violation-comments-to-github","708"
"vsts-cd","708"
"BlameSubversion","709"
"jenkins-cloudformation-plugin","710"
"git-chooser-alternative","713"
"jclouds-jenkins","714"
"phabricator-plugin","717"
"createjobadvanced","722"
"job-node-stalker","728"
"build-env-propagator","730"
"htmlresource","730"
"file-parameters","731"
"tracking-git","732"
"kerberos-sso","732"
"aws-beanstalk-publisher-plugin","733"
"file-leak-detector","737"
"release-helper","741"
"snyk-security-scanner","741"
"build-symlink","743"
"rbenv","744"
"StashBranchParameter","746"
"extreme-notification","754"
"tracking-svn","754"
"cucumber-living-documentation","755"
"ci-game","757"
"terminal","758"
"prereq-buildstep","759"
"winrm-client","759"
"call-remote-job-plugin","763"
"jabber","768"
"zapper","775"
"solarized-theme","777"
"slave-utilization-plugin","781"
"websphere-deployer","782"
"rancher","782"
"saltstack","784"
"octopusdeploy","794"
"svn-partial-release-mgr","796"
"description-column-plugin","808"
"crap4j","808"
"cas-plugin","809"
"testlink","813"
"build-view-column","826"
"patch-parameter","827"
"tmpcleaner","827"
"fitnesse","828"
"ignore-committer-strategy","835"
"collapsing-console-sections","839"
"scmskip","848"
"azure-acs","850"
"pipeline-dependency-walker","858"
"run-selector","867"
"flaky-test-handler","877"
"aws-java-sdk-sts","877"
"rubyMetrics","880"
"kubernetes-pipeline-steps","881"
"display-console-output","885"
"job-parameter-summary","885"
"flyway-runner","885"
"statistics-gatherer","887"
"custom-view-tabs","889"
"yet-another-build-visualizer","893"
"gerrit-verify-status-reporter","894"
"aws-java-sdk-s3","906"
"google-source-plugin","908"
"aws-java-sdk-kms","909"
"aws-java-sdk-jmespath","915"
"aws-java-sdk-core","916"
"mesos","921"
"enhanced-old-build-discarder","923"
"declarative-pipeline-migration-assistant","924"
"azure-keyvault","925"
"configure-job-column-plugin","928"
"publish-to-bitbucket","928"
"read-only-configurations","929"
"multibranch-action-triggers","929"
"dropdown-viewstabbar-plugin","931"
"block-queued-job","932"
"npm-yarn-wrapper-steps","934"
"maven-release-cascade","937"
"rabbitmq-consumer","949"
"klocwork","952"
"inline-pipeline","956"
"jobcacher","956"
"disable-github-multibranch-status","958"
"scalable-amazon-ecs","959"
"dotnet-sdk","963"
"job-exporter","969"
"bitbucket-scm-trait-commit-skip","969"
"ec2-deployment-dashboard","970"
"github-scm-trait-notification-context","972"
"phing","975"
"openstack-cloud","976"
"svnmerge","977"
"veracode-scan","977"
"google-kubernetes-engine","980"
"shared-objects","985"
"katalon","986"
"database-postgresql","987"
"metrics-diskusage","988"
"image-gallery","998"
"ant-in-workspace","1007"
"job-direct-mail","1009"
"covcomplplot","1016"
"pagerduty","1026"
"antexec","1031"
"aws-parameter-store","1034"
"keycloak","1035"
"hudson-pview-plugin","1040"
"elastic-axis","1042"
"openid","1042"
"bootstraped-multi-test-results-report","1043"
"git-forensics","1049"
"nodenamecolumn","1056"
"matrix-groovy-execution-strategy","1060"
"appcenter","1064"
"google-compute-engine","1066"
"nexus-task-runner","1075"
"coverity","1076"
"export-params","1077"
"docker-traceability","1080"
"openshift-login","1081"
"custom-job-icon","1083"
"remote-file","1088"
"vs-code-metrics","1091"
"telegram-notifications","1097"
"openshift-pipeline","1117"
"downstream-build-cache","1119"
"azure-app-service","1125"
"random-string-parameter","1127"
"systemloadaverage-monitor","1129"
"scm-filter-branch-pr","1134"
"config-autorefresh-plugin","1137"
"mashup-portlets-plugin","1139"
"emotional-jenkins-plugin","1142"
"rundeck","1142"
"heavy-job","1144"
"svn-tag","1148"
"violation-comments-to-stash","1155"
"xshell","1157"
"discord-notifier","1157"
"terminate-ssh-processes-plugin","1160"
"weblogic-deployer-plugin","1161"
"templating-engine","1163"
"github-scm-trait-commit-skip","1168"
"upload-pgyer","1169"
"sauce-ondemand","1170"
"simple-build-for-pipeline","1170"
"TestComplete","1186"
"exclusive-execution","1188"
"cloudfoundry","1189"
"compress-buildlog","1194"
"build-time-blame","1196"
"pipeline-cps-http","1202"
"synopsys-coverity","1214"
"logfilesizechecker","1218"
"sonarqube-generic-coverage","1229"
"matrix-reloaded","1230"
"cucumber-slack-notifier","1235"
"files-found-trigger","1240"
"google-chat-notification","1243"
"openid4java","1244"
"image-tag-parameter","1256"
"Exclusion","1268"
"content-replace","1269"
"anything-goes-formatter","1271"
"mission-control-view","1274"
"azure-cli","1274"
"html5-notifier-plugin","1276"
"declarative-pipeline-migration-assistant-api","1282"
"configuration-as-code-secret-ssm","1282"
"bulk-builder","1285"
"material-theme","1291"
"parallel-test-executor","1302"
"github-checks","1304"
"fortify","1306"
"ccm","1309"
"doclinks","1316"
"versioncolumn","1322"
"gradle-repo","1322"
"changelog-history","1330"
"cucumber-perf","1333"
"sonargraph-plugin","1338"
"xframe-filter-plugin","1341"
"teamconcert","1350"
"groovy-remote","1350"
"perforce","1354"
"toolenv","1354"
"gerrit-code-review","1359"
"anchore-container-scanner","1365"
"svn-revert-plugin","1368"
"redmine","1377"
"test-stability","1385"
"jobcopy-builder","1389"
"dynamic-axis","1390"
"simple-parameterized-builds-report","1396"
"browserstack-integration","1398"
"build-cause-run-condition","1404"
"label-linked-jobs","1405"
"qtest","1405"
"ec2-fleet","1414"
"statusmonitor","1418"
"cucumber-trends-report","1423"
"rocketchatnotifier","1423"
"pegdown-formatter","1448"
"yet-another-docker-plugin","1450"
"xray-connector","1453"
"report-info","1454"
"test-results-aggregator","1461"
"radiatorviewplugin","1462"
"configuration-as-code-support","1474"
"jenkinswalldisplay","1487"
"environment-dashboard","1491"
"valgrind","1491"
"calendar-view","1497"
"scoring-load-balancer","1503"
"google-container-registry-auth","1504"
"project-build-times","1510"
"secondary-timestamper-plugin","1513"
"external-workspace-manager","1513"
"bitbucket-approve","1515"
"progress-bar-column-plugin","1523"
"android-signing","1543"
"poll-mailbox-trigger-plugin","1547"
"dingding-json-pusher","1548"
"docker-swarm","1552"
"github-pr-comment-build","1568"
"zap","1570"
"promoted-builds-simple","1574"
"multi-slave-config-plugin","1578"
"project-inheritance","1581"
"aws-codebuild","1584"
"tap","1588"
"openshift-sync","1588"
"azure-vm-agents","1613"
"sonar-gerrit","1624"
"jira-ext","1631"
"maven-snapshot-check","1631"
"fxcop-runner","1641"
"windows-exe-runner","1643"
"pyenv","1662"
"rake","1663"
"jqs-monitoring","1676"
"artifact-manager-s3","1682"
"rvm","1694"
"shared-workspace","1696"
"build-history-metrics-plugin","1697"
"update-sites-manager","1697"
"awseb-deployment-plugin","1700"
"qy-wechat-notification","1702"
"hashicorp-vault-pipeline","1715"
"filesystem_scm","1716"
"http-post","1735"
"gogs-webhook","1735"
"pipeline-config-history","1755"
"packer","1756"
"aws-codepipeline","1761"
"adoptopenjdk","1765"
"splunk-devops-extend","1776"
"dockerhub-notification","1778"
"google-storage-plugin","1786"
"global-post-script","1789"
"github-issues","1794"
"sqlplus-script-runner","1796"
"copy-data-to-workspace-plugin","1804"
"unleash","1812"
"openJDK-native-plugin","1816"
"copy-project-link","1820"
"change-assembly-version-plugin","1822"
"folder-auth","1823"
"build-publisher","1826"
"perfpublisher","1835"
"sitemonitor","1841"
"batch-task","1848"
"windows-azure-storage","1850"
"changes-since-last-success","1853"
"compress-artifacts","1869"
"build-keeper-plugin","1870"
"pollscm","1892"
"atlassian-jira-software-cloud","1897"
"cucumber","1910"
"stash-pullrequest-builder","1916"
"xvnc","1931"
"aws-bucket-credentials","1947"
"codesonar","1955"
"clearcase","1961"
"multibranch-build-strategy-extension","1964"
"readonly-parameters","1976"
"android-lint","1990"
"crowd2","1991"
"gravatar","1996"
"svn-workspace-cleaner","1996"
"dependencyanalyzer","2002"
"database-mysql","2005"
"sonargraph-integration","2005"
"gitbucket","2013"
"aws-secrets-manager-credentials-provider","2025"
"fail-the-build-plugin","2039"
"downstream-ext","2058"
"slave-status","2058"
"artifact-promotion","2065"
"summary_report","2067"
"jdepend","2069"
"JiraTestResultReporter","2071"
"blackduck-detect","2074"
"leastload","2108"
"maven-deployment-linker","2156"
"unity3d-plugin","2166"
"doxygen","2185"
"multibranch-scan-webhook-trigger","2204"
"groovy-label-assignment","2205"
"xml-job-to-job-dsl","2219"
"all-changes","2236"
"hp-application-automation-tools-plugin","2237"
"ftppublisher","2243"
"github-autostatus","2253"
"template-project","2263"
"modernstatus","2269"
"reverse-proxy-auth-plugin","2288"
"google-play-android-publisher","2292"
"junit-realtime-test-reporter","2293"
"workflow-cps-global-lib-http","2298"
"hipchat","2307"
"selenium","2326"
"aws-lambda","2327"
"ez-templates","2343"
"slack-uploader","2352"
"nvm-wrapper","2369"
"chromedriver","2371"
"sloccount","2384"
"cloverphp","2396"
"ownership","2412"
"jobgenerator","2414"
"google-metadata-plugin","2420"
"console-column-plugin","2438"
"compact-columns","2446"
"project-description-setter","2447"
"python-wrapper","2459"
"cors-filter","2462"
"run-condition-extras","2482"
"buildresult-trigger","2490"
"ansible-tower","2493"
"openshift-client","2496"
"cron_column","2502"
"svncompat14","2512"
"influxdb","2521"
"violation-comments-to-gitlab","2533"
"pipeline-timeline","2534"
"cmakebuilder","2539"
"text-file-operations","2543"
"build-flow-test-aggregator","2552"
"webhook-step","2556"
"nant","2559"
"build-token-trigger","2560"
"gitea","2575"
"azure-ad","2579"
"vstestrunner","2594"
"login-theme","2625"
"clone-workspace-scm","2635"
"ldapemail","2641"
"emma","2644"
"multi-module-tests-publisher","2666"
"nuget","2691"
"mattermost","2694"
"any-buildstep","2699"
"datadog","2706"
"matrix-combinations-parameter","2711"
"dynamicparameter","2712"
"build-notifications","2718"
"folder-properties","2736"
"last-changes","2752"
"rich-text-publisher-plugin","2753"
"filesystem-list-parameter-plugin","2754"
"instant-messaging","2774"
"git-tag-message","2781"
"buildgraph-view","2795"
"kubernetes-pipeline-devops-steps","2798"
"kubernetes-credentials-provider","2807"
"shelve-project-plugin","2822"
"envfile","2828"
"repository","2849"
"urltrigger","2858"
"tasks","2875"
"github-pr-coverage-status","2879"
"disable-failed-job","2891"
"vsphere-cloud","2903"
"codedeploy","2922"
"cucumber-testresult-plugin","2925"
"fstrigger","2926"
"kpp-management-plugin","2986"
"dependency-track","3036"
"seleniumhtmlreport","3038"
"aws-global-configuration","3041"
"oic-auth","3075"
"configuration-as-code-groovy","3099"
"confluence-publisher","3162"
"dark-theme","3174"
"splunk-devops","3177"
"maven-dependency-update-trigger","3200"
"quality-gates","3219"
"gitee","3242"
"create-fingerprint","3253"
"dry","3264"
"docker-custom-build-environment","3264"
"testInProgress","3295"
"cloudbees-credentials","3322"
"clover","3340"
"build-metrics","3345"
"downstream-buildview","3349"
"android-emulator","3357"
"maven-repo-cleaner","3381"
"workflow-remote-loader","3396"
"logstash","3409"
"release","3418"
"repo","3458"
"jira-trigger","3462"
"bitbucket-oauth","3466"
"slave-setup","3544"
"environment-script","3570"
"support-core","3578"
"azure-sdk","3587"
"jenkins-jira-issue-updater","3607"
"purge-build-queue-plugin","3629"
"database","3644"
"gatling","3654"
"purge-job-history","3659"
"hudson-wsclean-plugin","3692"
"persistent-parameter","3742"
"tfs","3772"
"pyenv-pipeline","3804"
"zentimestamp","3805"
"chucknorris","3807"
"next-executions","3861"
"list-git-branches-parameter","3902"
"bitbucket-push-and-pull-request","3949"
"buildtriggerbadge","3961"
"global-variable-string-parameter","4008"
"mstestrunner","4031"
"checkmarx","4040"
"show-build-parameters","4043"
"sectioned-view","4093"
"terraform","4124"
"depgraph-view","4141"
"email-ext-recipients-column","4180"
"mail-watcher-plugin","4209"
"bitbucket-pullrequest-builder","4253"
"periodicbackup","4284"
"shiningpanda","4297"
"publish-over-cifs","4315"
"maven-invoker-plugin","4317"
"cppcheck","4336"
"pipeline-aggregator-view","4348"
"maven-artifact-choicelistprovider","4363"
"maven-metadata-plugin","4370"
"theme-manager","4386"
"custom-tools-plugin","4403"
"port-allocator","4412"
"text-finder-run-condition","4451"
"junit-attachments","4479"
"parameter-separator","4529"
"PrioritySorter","4531"
"multi-branch-project-plugin","4603"
"scp","4690"
"plugin-usage-plugin","4719"
"amazon-ecs","4739"
"project-stats-plugin","4745"
"managed-scripts","4760"
"categorized-view","4760"
"strict-crumb-issuer","4790"
"skip-certificate-check","4822"
"repository-connector","4830"
"maven-info","4842"
"pipeline-githubnotify-step","4853"
"JDK_Parameter_Plugin","4876"
"docker-compose-build-step","4904"
"claim","4911"
"startup-trigger-plugin","4922"
"sbt","4977"
"date-parameter","4981"
"convert-to-pipeline","5016"
"build-flow-plugin","5081"
"dynamic_extended_choice_parameter","5236"
"azure-credentials","5242"
"atlassian-bitbucket-server-integration","5263"
"docker-slaves","5267"
"bitbucket-build-status-notifier","5363"
"google-login","5461"
"schedule-build","5613"
"gitlab-logo","5722"
"jira-steps","5739"
"permissive-script-security","5781"
"violations","5824"
"hidden-parameter","5837"
"nunit","5884"
"cloud-stats","5910"
"kubernetes-cd","5957"
"build-environment","6044"
"preSCMbuildstep","6098"
"scm-sync-configuration","6106"
"global-slack-notifier","6109"
"ssh2easy","6112"
"xcode-plugin","6125"
"dingding-notifications","6128"
"copy-to-slave","6273"
"hashicorp-vault-plugin","6296"
"sidebar-link","6307"
"xvfb","6321"
"job-restrictions","6336"
"golang","6342"
"validating-string-parameter","6363"
"async-http-client","6374"
"versionnumber","6385"
"p4","6395"
"notification","6497"
"build-failure-analyzer","6571"
"aws-java-sdk-codebuild","6606"
"aws-java-sdk-cloudformation","6608"
"aws-java-sdk-logs","6610"
"aws-java-sdk-elasticbeanstalk","6611"
"aws-java-sdk-ecs","6612"
"aws-java-sdk-ssm","6612"
"aws-java-sdk-iam","6613"
"dependency-check-jenkins-plugin","6697"
"pipeline-npm","6701"
"cloudbees-disk-usage-simple","6763"
"aws-java-sdk-ecr","6810"
"mstest","6816"
"plot","6951"
"kubernetes-cli","6971"
"gitlab-branch-source","7032"
"nexus-jenkins-plugin","7144"
"scriptler","7232"
"blueocean-executor-info","7256"
"analysis-collector","7257"
"join","7266"
"artifactdeployer","7411"
"amazon-ecr","7545"
"pipeline-github","7581"
"extra-columns","7602"
"sonar-quality-gates","7604"
"backup","7649"
"gerrit-trigger","7659"
"gitlab-merge-request-jenkins","7725"
"nexus-artifact-uploader","7788"
"discard-old-build","7853"
"stashNotifier","7910"
"aws-java-sdk-minimal","7950"
"swarm","8086"
"aws-java-sdk-ec2","8105"
"pmd","8187"
"robot","8420"
"nested-view","8428"
"publish-over-ftp","8525"
"git-changelog","8577"
"findbugs","8677"
"text-finder","8846"
"basic-branch-build-strategies","8900"
"audit-trail","8956"
"file-operations","9010"
"s3","9160"
"prometheus","9189"
"delivery-pipeline-plugin","9221"
"next-build-number","9476"
"warnings","9798"
"test-results-analyzer","9850"
"docker-build-publish","9883"
"azure-commons","10194"
"flexible-publish","10266"
"pipeline-multibranch-defaults","10402"
"global-build-stats","10567"
"cucumber-reports","10744"
"build-token-root","10804"
"ec2","11016"
"testng-plugin","11526"
"checkstyle","11682"
"pipeline-aws","11698"
"naginator","11815"
"configurationslicing","11985"
"promoted-builds","12267"
"m2release","12404"
"log-parser","12576"
"view-job-filters","12629"
"disk-usage","12706"
"saferestart","12706"
"parameterized-scheduler","12823"
"google-oauth-plugin","13393"
"gitlab-api","13540"
"ghprb","13713"
"build-timestamp","13751"
"description-setter","13791"
"dtkit-api","13912"
"performance","14155"
"gitlab-hook","14282"
"build-with-parameters","14325"
"docker-build-step","14339"
"allure-jenkins-plugin","14402"
"Parameterized-Remote-Trigger","14412"
"build-blocker-plugin","14435"
"github-oauth","14591"
"python","14894"
"oauth-credentials","14977"
"postbuildscript","14985"
"github-pullrequest","15198"
"gitlab-oauth","15370"
"node-iterator-api","15459"
"Office-365-Connector","16144"
"job-import-plugin","16280"
"ssh-steps","16568"
"github-organization-folder","17141"
"embeddable-build-status","17474"
"xunit","17713"
"deploy","17736"
"build-monitor-plugin","17862"
"saml","17918"
"throttle-concurrents","18115"
"groovy-postbuild","19256"
"badge","19481"
"mask-passwords","19489"
"postbuild-task","19920"
"nodelabelparameter","19961"
"extensible-choice-parameter","20246"
"powershell","20315"
"ansible","20396"
"monitoring","20430"
"jquery-ui","21284"
"jacoco","22435"
"artifactory","22482"
"warnings-ng","22482"
"generic-webhook-trigger","23095"
"emailext-template","23110"
"analysis-model-api","23206"
"locale","23320"
"msbuild","23454"
"multiple-scms","23685"
"http_request","23771"
"code-coverage-api","23781"
"h2-api","23975"
"cobertura","24430"
"analysis-core","24700"
"bitbucket","24853"
"data-tables-api","25230"
"pipeline-maven","25554"
"configuration-as-code","25573"
"extended-read-permission","25804"
"kubernetes-client-api","25893"
"ruby-runtime","25987"
"jenkins-multijob-plugin","26041"
"forensics-api","26452"
"uno-choice","26816"
"ivy","26990"
"built-on-column","27114"
"kubernetes-credentials","28020"
"kubernetes","28253"
"groovy","28314"
"translation","28358"
"authorize-project","28631"
"simple-theme-plugin","29120"
"thinBackup","29446"
"greenballs","29987"
"aws-credentials","30136"
"build-user-vars-plugin","30489"
"build-name-setter","31851"
"build-pipeline-plugin","32788"
"active-directory","33595"
"job-dsl","33948"
"cvs","34038"
"aws-java-sdk","34280"
"docker-plugin","34724"
"extended-choice-parameter","35810"
"jobConfigHistory","36836"
"docker-java-api","37281"
"dashboard-view","37725"
"metrics","37749"
"ansicolor","43819"
"icon-shim","45238"
"slack","45893"
"blueocean-jira","46691"
"rebuild","47058"
"sonar","50550"
"pipeline-utility-steps","50917"
"copyartifact","51190"
"ssh","51194"
"localization-support","53250"
"gitlab-plugin","54409"
"localization-zh-cn","54500"
"nodejs","56158"
"git-parameter","56408"
"jira","58251"
"ssh-agent","59276"
"envinject-api","61837"
"envinject","64528"
"blueocean","65056"
"blueocean-bitbucket-pipeline","67688"
"blueocean-events","67689"
"blueocean-pipeline-editor","67954"
"blueocean-autofavorite","68271"
"blueocean-config","68418"
"blueocean-personalization","68562"
"blueocean-display-url","68576"
"blueocean-i18n","68773"
"publish-over-ssh","69017"
"blueocean-github-pipeline","69503"
"mercurial","69738"
"blueocean-dashboard","70130"
"blueocean-git-pipeline","70166"
"sse-gateway","71938"
"publish-over","72041"
"blueocean-pipeline-api-impl","72785"
"blueocean-rest-impl","73554"
"blueocean-pipeline-scm-api","74014"
"blueocean-core-js","74102"
"blueocean-jwt","74419"
"blueocean-web","74609"
"cloudbees-bitbucket-branch-source","75828"
"jenkins-design-language","76242"
"blueocean-rest","77307"
"blueocean-commons","77602"
"pubsub-light","77817"
"favorite","78290"
"role-strategy","80131"
"handy-uri-templates-2-api","82326"
"parameterized-trigger","85826"
"jaxb","88191"
"conditional-buildstep","90419"
"run-condition","97233"
"pipeline-model-declarative-agent","101691"
"htmlpublisher","104329"
"variant","104862"
"config-file-provider","105441"
"jquery","118586"
"bootstrap5-api","123562"
"popper2-api","123998"
"external-monitor-job","127500"
"jjwt-api","139444"
"subversion","140923"
"sshd","142428"
"mapdb-api","145008"
"caffeine-api","145023"
"docker-workflow","150223"
"windows-slaves","153858"
"jquery-detached","159574"
"docker-commons","160691"
"maven-plugin","161428"
"javadoc","178871"
"authentication-tokens","178917"
"okhttp-api","182735"
"checks-api","185473"
"bootstrap4-api","194345"
"font-awesome-api","194527"
"popper-api","194607"
"echarts-api","199648"
"jquery3-api","200600"
"plugin-util-api","200877"
"pipeline-github-lib","208671"
"snakeyaml-api","208938"
"gradle","217770"
"build-timeout","225777"
"lockable-resources","235842"
"github-branch-source","235911"
"ws-cleanup","236527"
"timestamper","237815"
"resource-disposer","237856"
"email-ext","239164"
"github","242213"
"github-api","244952"
"workflow-aggregator","249597"
"ant","249832"
"ssh-slaves","252646"
"trilead-api","253327"
"pipeline-model-definition","254975"
"pam-auth","255246"
"pipeline-stage-view","256338"
"ldap","256587"
"pipeline-model-extensions","256764"
"pipeline-rest-api","257087"
"pipeline-model-api","258792"
"pipeline-milestone-step","258822"
"pipeline-stage-tags-metadata","259038"
"handlebars","259093"
"momentjs","259184"
"pipeline-graph-analysis","259444"
"workflow-cps-global-lib","260660"
"pipeline-build-step","260661"
"pipeline-input-step","261719"
"workflow-multibranch","262037"
"pipeline-stage-step","262253"
"workflow-basic-steps","263555"
"git-server","263970"
"branch-api","265382"
"workflow-durable-task-step","267184"
"workflow-cps","267629"
"credentials-binding","267866"
"antisamy-markup-formatter","268508"
"ace-editor","268992"
"durable-task","269180"
"cloudbees-folder","270691"
"jackson2-api","271309"
"workflow-job","271471"
"matrix-auth","273506"
"plain-credentials","273528"
"git","274188"
"jsch","274263"
"jdk-tool","274604"
"apache-httpcomponents-client-4-api","274931"
"workflow-support","275875"
"token-macro","276029"
"command-launcher","276282"
"git-client","277589"
"bouncycastle-api","279144"
"workflow-scm-step","279506"
"workflow-api","280381"
"display-url-api","281350"
"matrix-project","281620"
"workflow-step-api","282950"
"junit","283284"
"structs","283508"
"scm-api","284285"
"ssh-credentials","284656"
"credentials","285371"
"script-security","285631"
"mailer","285632"
